session,prediction,target
CA1499A1-93B4-40E9-A0E9-0399A824CF58,22.20430748627475,4.166666666666667
3910096D-F005-48B9-9280-B22FFA359856,19.762285106179085,4.166666666666667
7C2DC455-449A-4AA0-B4AD-0DABCC40CD00,19.168158644812618,4.833333333333333
744BCEED-2491-4B98-9792-14D319F20490,26.374768034355014,4.333333333333333
2A0E3951-FDD3-45A5-BE61-F9DDC708FFB5,21.881994520336413,5.0
28604B8D-395E-423C-86F3-205A70CD3CA1,23.114016287359057,4.583333333333333
98014FEF-1731-474A-848C-60E3239C8BD4,19.570016165289374,4.166666666666667
0EC704E1-490D-4C02-946E-E31A5F355390,17.488447562929547,5.0
9337C2BA-10CC-469D-AC93-6336044539F4,18.796856265406234,6.5
613BE3C2-D490-416D-B309-83F0C6D39D55,20.867130290285107,6.833333333333333
1D1AA330-8064-4C90-9D4F-8FFBB748AA5F,21.021854735234268,6.333333333333333
15E19C67-28C2-45D9-ADE1-7D1F6C65675F,21.1713785108177,7.583333333333333
5398D465-8D61-42EE-BF30-B3CDBCB22CA4,21.91789586281843,5.5
2B49BF95-2066-4B2B-87DD-7CA7C2AF3A19,20.200126904051054,5.75
4560BBF1-3989-4A8D-822F-1E501AB8115D,22.472824944075537,7.25
C8EE865F-B341-40C4-AFF1-232A564F35DB,22.4108303404503,5.166666666666667
15D9FCD4-8CD7-4946-97F7-FA7323B51596,18.434414023566134,7.5
FF53E5E9-991E-4AC8-97A0-811E9002D78B,24.848656726211246,5.333333333333333
CE2387CB-DCB9-4D52-B650-1F5E019E88D7,21.466993028991975,7.166666666666667
39325FAA-7A92-4C0C-AE78-0A070D6610C0,23.10846077524148,6.5
F691D976-1A53-4D4C-8342-06FB16247BCD,22.737989261638166,7.833333333333333
6CA87032-5D4A-4CB2-8B06-73F1C023DE6F,21.277531213572306,7.5
FBF9FFC0-99E6-472B-8D4F-663D26E77D8F,20.775450224928804,7.166666666666667
D09567EA-2E5F-4A34-BBBB-5DE3AA000C08,21.470730460354044,6.416666666666667
3866E632-663B-4887-9D73-6063F7AC4AE4,18.47933496492579,7.5
06EEFE4F-99D9-49D0-BB93-A040FFEBFC12,20.892462062312575,6.5
27A533F0-1E19-4ECB-AAF7-18145EB46AD0,17.001661258645854,6.25
C0176F2E-740F-4ECC-8769-1EF84DB3E25F,19.37131577151829,7.583333333333333
19531DDC-0001-45CD-B195-610AA12913BE,21.681960125243858,5.666666666666667
02BB0B42-99B0-44A4-9F37-4BB88B399504,22.181571009181866,6.25
1159A180-13D9-4A95-9DDB-43867D2CE638,18.24445525097004,7.083333333333333
5AF0603B-9B09-4E00-9961-4BAC3715BC35,20.624059706802015,5.166666666666667
F17D055D-A67F-4733-93BC-A50C638BA218,23.975796433651805,6.833333333333333
68C339CD-D6EB-4469-92D4-43C05375802B,20.52347082735469,6.75
71D74372-228D-414E-A485-9755ADF84C3D,26.26642403488427,7.916666666666667
CBB8848B-ACDE-4EB5-BF3F-32D578BEF2F7,23.255363468810017,7.5
DD02B5DA-6A1F-4567-9F3B-CF7FC43252BF,22.483004917210515,7.5
714D6F03-BC79-45ED-9B3B-0B2052ACEE4C,21.769495426290103,6.916666666666667
35FD8493-2018-4406-B8D9-6A03F3D1AFD5,23.231310272089917,7.666666666666667
0B9EC72A-BB8B-455D-B43B-4FE92C5901EE,24.093542624185,7.0
23BEBFE9-6973-497F-9C4A-5C1D0FB8206F,20.16101525536446,5.083333333333333
38332E1D-5B17-478E-A10C-8249CC42EC4F,20.171658562777033,6.916666666666667
17777C87-369D-4D47-9074-F1B3B799FDD9,25.631228491418227,7.75
3649913E-E3EC-4520-B420-5D23A2E5CB15,21.88506827101872,5.083333333333333
63269B7A-49B2-4CD5-A9EE-BD21CBB6FC0E,20.291713762816972,6.5
53655095-C6D1-4FFD-8D11-0A6905308BA0,23.607173156845796,6.583333333333333
B93F1BB6-E427-4701-874D-176953E5566C,25.68396061410821,5.416666666666667
7524C3F8-4801-42B0-8C3D-23566F12B503,22.43425929139751,7.333333333333333
00DCAC8E-EE1B-4F1A-BF3C-64F59B3AD483,22.53696515963066,7.916666666666667
4C47A4EF-C788-4E96-B94D-8699CD967860,25.65237553104501,7.916666666666667
238E21D3-49C2-4BFB-A58B-B3655D5EB1CF,24.172747291124303,7.333333333333333
2B85C54B-42F3-490C-90B6-ABC0B228D499,21.78402778349409,6.583333333333333
B4E6DCEB-602D-4FDC-8BF2-CE0800B849F5,21.271279572038203,7.5
140B3FC2-6D2F-4FE5-893A-EBE0F2B6EC50,22.909394823396305,7.25
F20A5BF5-4800-4F0C-82AC-780B340F44C3,22.00893710805906,7.583333333333333
F5FC5B5A-1AC7-4CBF-A1B2-B15DBD1F6CC0,21.181078060322264,5.916666666666667
71941E4A-0B87-4317-9E4B-E6C8174EA8DC,19.47174000875793,7.416666666666667
4AB868E5-2488-4600-8E9B-7953C538DFCD,18.037686870263702,6.5
212B48FC-CBAD-41A7-8777-D9F3511A4145,24.274634415141687,7.75
DC7780A7-7EC4-454A-AEA8-6FE786EDF578,20.275469816117667,6.666666666666667
909ACC62-652C-4DF6-B9ED-D92A62D4EDD3,20.906207324484978,6.5
D56A193F-D00B-4AA0-AAF5-7C75E0029FE1,21.644835617681583,6.0
EEAB8E57-7C57-47C9-9A17-49C29625C5AF,23.219476246439484,7.25
08B03D90-6F0B-4977-945A-4D78FE2176CD,21.468511235140156,6.083333333333333
193C5CF0-517F-4472-A9B6-BCF7615BF508,25.56091638175081,5.583333333333333
F14FB7E2-9536-449B-87F6-23520A157AA5,20.885224743140657,6.666666666666667
982DAB23-9BCC-4EF4-ACA5-CC0B33A1DCB4,20.078253424336225,5.583333333333333
A72DCE6C-5A6D-4C9B-8F67-39D11ABD541A,21.019447131062638,7.166666666666667
85DDB6A2-3C27-4B30-A5C5-679182445E25,20.844923890714057,7.583333333333333
0B6076A7-8031-4030-A3D8-D4FA9E865133,18.934243014775173,5.583333333333333
2E071B5F-08C1-4787-958A-01E31BDB4838,20.76001289545889,7.75
4B0F8554-C872-47CE-AA3E-E14001015158,22.244449269638082,7.083333333333333
5E29183A-A223-4C94-A96C-083E4CFA9B27,22.521388782448554,6.5
23D80F62-42A7-455D-B8FF-56754CB4C37C,20.44346049280964,6.833333333333333
7FDEA8E1-C168-4EEF-B27C-260562292DE2,23.0316961567843,5.75
8F8F6571-90A7-4B3C-942B-5174CB03C7FF,23.216777922744104,7.75
0155CEF4-5F74-401C-8A1C-B7FD3DCD16A2,21.791419526466033,8.0
57A71637-3CE8-4378-A6C6-97A8D8C7B5C8,20.396410220166967,6.166666666666667
90AF9970-2722-4EF6-AB8E-FAF681B55114,21.21953162737038,6.75
1A9BF783-5859-4841-BC3F-E93505A1E831,22.135437070728397,6.916666666666667
4D974631-4A92-4CC1-AEE5-C95DA7434F4B,19.543104433918593,5.5
4EBD7F07-A864-4C4B-9C0F-E7903F2CE8BA,21.64901716956479,6.166666666666667
5AA6FB47-B38F-4398-9104-430DB8792CCB,22.331280429527638,6.75
5E6E9D29-7295-44B1-916B-EBCE429B1DBA,24.6362170428724,5.166666666666667
11E170BD-82AC-4C91-94A3-EF37CF228058,19.712563417108058,7.083333333333333
38DD2474-DEFE-47DF-B80E-BA39C56FB0F7,23.60677139533077,6.083333333333333
6EAAA043-452D-49F3-9A66-09C20A78A6DD,20.011597275767688,8.0
7A057936-B343-4F67-A3B2-47167CE33CDC,20.180514455858077,7.25
7AC58D87-4EEA-40A7-B8AE-0E734D283818,24.94620342261367,7.75
7BEC1F44-EB43-4988-9DB2-E6A9A9FD401C,18.63436626419493,7.166666666666667
7EC057E5-64FE-4FCF-B443-7C2441B5DD11,22.974526829623144,6.666666666666667
8B208C07-4E49-491A-BBAB-BEAD111ABD8C,25.489046085938103,7.916666666666667
9CE0AE1D-8370-46BD-89DB-A345148E070A,24.027433818270254,6.083333333333333
9DC4FD16-81AB-46EF-9BBB-BC4DE0196357,21.064024423258957,6.833333333333333
0202E167-97BA-47F6-99A9-6C02FEB2FBE1,20.32454408677626,6.166666666666667
42B28FEC-CE5F-401F-9F52-8457F81B5296,21.151769095014032,8.0
51C60F4D-D187-4E73-9026-E47DF7186D9B,21.875714697420868,6.833333333333333
55F5BE4D-38A9-4917-A73A-39EF0C21C4CA,22.78862423845296,7.5
61D5E773-59C1-4EA4-BD45-507EFCD6FDF8,23.610520703367357,5.666666666666667
69AC10C4-7594-46FE-91F2-280508AD14AF,21.620249532281527,6.416666666666667
76F872B4-58E4-4607-B5D8-71748AD50651,23.672453423785146,7.916666666666667
9C377318-D706-489A-A906-C4B473A353FE,19.864604003829285,10.916666666666666
7F92B4D8-A5FF-4552-A35B-34C004ECD3ED,23.6451661043444,11.0
8A972D63-87E5-4AC4-8558-B91E960D5CE4,22.77754728840571,8.083333333333334
8B1BB848-FD50-42C9-80A2-A8864A287D2D,24.43519930496382,11.916666666666666
87CA4E3F-0D88-48E9-BF7A-29FB764C649F,21.820142344615945,12.916666666666666
821D52D9-8B0D-43F4-89DA-557E813A3ADD,28.6896705845812,10.75
A4DD5E54-C965-465F-A2C3-229FC328098C,22.027198162613157,10.083333333333334
A15A0000-D2F0-4EC8-A773-D06C9F86DAB2,24.094944402405282,12.25
804A1F70-02AC-4B07-BE08-0F445C08A63E,21.82918425867753,11.25
EA7121A2-D582-40B4-99E6-783AA84A188E,20.82548591661451,12.083333333333334
59FC64D3-1C85-4603-8054-CF9708508D15,21.91138204168341,9.416666666666666
E10FBC80-88C6-45CA-869B-87FBA5B7E9A7,20.231901669491542,11.75
E84AC377-67A2-483D-AB09-8EDE570E872D,22.299449965873393,10.916666666666666
D48E6B9C-B90C-4385-B29B-E799955D83DA,26.615060464085314,12.416666666666666
ED6B3183-72DF-4337-81F6-9067CD6F5EDE,25.67693535374592,10.666666666666666
2CC2A53B-0CA3-4044-8931-A192ECCC4E3D,24.58596223240999,10.25
B9FC3C7F-03E1-406C-B10F-23234F8CDF71,23.049469734758453,12.333333333333334
22431508-77D3-40A9-8F21-8BB99C7D9218,20.995739746579176,8.666666666666666
68265406-A59E-4FF2-AF4B-D6BC9D500D80,19.425301953239902,11.583333333333334
D07783A5-DD64-4245-9CE1-E880F9564FC0,20.74458434011272,10.0
3FC106F7-6F18-4805-9B8F-D2A89345B54F,22.89159928129537,11.833333333333334
F398CAF4-809D-4D4A-9779-861F27D1694B,24.258517932350966,12.666666666666666
7899146A-36B9-442B-8EAF-C8FF23271CE9,20.98407132302743,9.916666666666666
17E9D3CB-0F8D-4EE7-B3FE-5253642B7890,23.061243407448384,10.75
2B2E232A-BE81-42B2-8F6B-35A55A627B46,25.287746727243285,12.5
57449DCF-C34A-474A-AD95-14744F9810DC,24.504473266958794,10.25
227299EB-A09C-4496-ABBE-BDF190AD86BD,24.85287752140535,11.416666666666666
2FB1D3F7-39FC-4B43-8279-4C93327B928C,21.00521342061061,11.25
3D9CD756-2604-4ABB-A14A-1FF2070C7B69,21.547920806567145,10.75
C39C3BE7-5CC4-4F7D-BCFB-82D8D118EBD9,22.18577922544288,8.416666666666666
42012E04-5EA7-43B5-AE2C-846DB14499B0,20.614183449089488,12.833333333333334
D55439AD-6299-403F-B082-BBA88502A739,24.095766376101256,8.833333333333334
2937391B-7C0E-418C-ADE7-3C309BBBF8D9,21.689765509117358,12.833333333333334
5F623718-1757-439B-A9C6-DD3550DEF6AD,20.79258826506609,11.416666666666666
21024DBA-3091-4DAD-AEF7-29104FF156B1,20.057932268996414,12.25
75D1B678-1024-4F9C-9CA1-8BB646AFC435,23.76869610338603,10.416666666666666
38D5EFA5-403C-4076-B0AA-9A9988B5385C,22.258520534965875,12.666666666666666
BDC63B8C-7516-4099-8C09-72B42FFF8759,18.717257518319713,8.75
4B21818C-2EB1-4B0F-BB2D-4666ED5A6303,22.050814503856813,10.333333333333334
3928051C-4E37-41E0-9CFA-E118ECCD7CD4,24.456779910351084,9.083333333333334
3FFA232B-0B4A-4F1E-A9CD-386E20E5B380,19.447512119923783,10.166666666666666
F56DD286-346F-428C-AEAF-E63F28D264D1,18.43925877865768,11.833333333333334
24523DF9-DB5C-49F0-81DC-3BA9FC1D9BC1,22.410220374133146,12.75
C4B81EBE-882B-41D2-ACCB-5696FDCCA544,23.423333625203167,11.583333333333334
49E5AD97-C5A6-433E-9E26-1029C6913C7B,24.989527842582284,9.0
FF59F9DD-549C-48C3-9F1C-8DADA3B777E2,26.221287863692847,12.833333333333334
5FA59D6F-DB1E-482C-923C-DDCC43066076,19.28499385593319,10.833333333333334
CDE82244-D0E9-4A85-9A9F-B212F027A4D1,22.063878154836342,12.083333333333334
11DAEAC2-BF70-4263-BBEB-63AE031DD637,20.871548789602464,9.25
0DE61B15-516C-4947-84AB-15892534B97D,20.284604172013744,8.083333333333334
DC31B779-BD58-4C6F-9C59-C261EF06F5AD,20.5461373008859,8.666666666666666
C8C43767-692C-4AF7-B619-C6F3686604F4,22.584483837198604,8.583333333333334
F58D2E92-F26D-46BE-9D18-81CA3894D516,22.964417141911117,8.083333333333334
6E1A67AF-44A4-49DB-9754-E2102144029E,26.45908051069954,12.083333333333334
1F7EBEC1-10A5-49D9-AEB9-C6A10BC00CEF,23.302240481330173,12.25
1A782888-95D1-4768-99B5-CF4FC399DE72,22.847921382074997,10.75
4B12ED74-3BE7-4230-8A10-9DFDF6159ABA,18.832661119507524,10.5
C0574929-FAE2-48CB-A3F0-2CD4377187FE,23.1903804077355,10.416666666666666
6DF6DBE8-C7E3-48C3-A714-4D2A922C4976,23.370861641938028,9.25
6AD9F6FB-5023-4BE5-8678-156C2E1FA16B,21.3468493868595,9.75
F7ABA841-15E4-4390-A3FD-0860D9A26B76,23.484719893386522,12.583333333333334
F842DA4F-16B9-4989-A8FA-21BC8574F4EA,23.06462056083112,12.916666666666666
33B49BA4-BE29-4740-AC2F-F8326CC40B68,24.160778791340466,8.166666666666666
435F456D-D5A3-4F17-AC10-3FFE80FD0482,24.50655098582311,12.25
C10F31AF-69D5-41CA-B030-376964994772,21.62400608684328,8.75
C191AB73-47F3-4DD8-91F0-8928BFAEFE62,20.12288908873507,10.083333333333334
F095DDAE-A6A8-4FFD-9B6F-0370AE274C56,21.527354585378127,12.25
92522550-9A66-4022-A754-DEF5295A76F5,22.923667121572198,8.416666666666666
7BE1538A-745B-489C-A461-905065A48E25,26.396117381009613,12.5
FC7AE8C8-DE1E-49B9-9D43-A6C2BC0A3386,22.33047651576579,11.916666666666666
5AD90B09-5D5B-408C-994D-43466F21AD8C,26.107402919122944,10.916666666666666
B0603382-1436-4CFC-B44F-CA0972C635FF,16.55716437233841,8.666666666666666
1DF3F993-A437-4F01-9371-9C235535FF51,20.014973110163446,10.0
DB563D35-3B95-4B3B-9899-18808ACAC452,24.224033920505963,10.916666666666666
E3EAC505-0C29-4389-B0F7-CD96958DB09A,23.67262864653831,12.0
5C993006-F16D-4D86-8482-BA070B7CAB3E,21.447477971069052,9.083333333333334
65260F2D-E3CD-4857-89DC-9D4F7A633484,21.43044035554487,9.916666666666666
D283D765-27B2-4CFB-97FD-26FEE3899862,20.534689517000132,11.333333333333334
BA45BC1A-0699-4117-BC10-2D0C33A08EAD,20.714702853598233,8.166666666666666
66F9EE0D-A3D2-49D6-8BC4-C711CB4D50C8,18.41768795856795,11.333333333333334
6C338F15-FAB2-48F0-A2EC-56DC62DE20C2,21.36141919190723,12.083333333333334
06240C99-2BA4-4209-A91D-83EE6D2526F8,26.147063539239863,8.75
897A57DC-3D63-4632-B597-DB29DD5646FD,18.98108779647469,8.916666666666666
94A37ADF-45A3-4016-8DAC-E32B22DF3311,23.576016412199554,12.0
C89E45E1-86C6-4336-9D9B-B897E37745DF,25.483046494821828,12.083333333333334
61CDCD1B-1DF4-43F1-8C5C-0583DADF519C,21.807743576956522,8.083333333333334
D99BA016-05DF-4A61-B571-85DBEDF6A45B,22.93147360869735,11.916666666666666
D1CE85C5-D8EF-483D-8497-A66C3DB3124C,21.666259681254445,11.5
10434FD7-C3DD-41B1-ADBB-21066678C85E,23.419876030792686,11.833333333333334
EC7C37A6-B83C-400A-A6CB-A9518AADCF83,22.436138716000762,13.0
66A0ADF3-A5F4-4173-9937-0197D0F2BC0B,22.300610763894944,11.833333333333334
F2C37633-3552-4BBA-BF8E-FDF4E248F9D1,25.8539213939924,12.5
3539E6B6-CFAA-4CD5-84A3-DA8190187126,24.079822439232522,10.583333333333334
6C702B52-18D4-495F-8D63-6BC03210BC72,22.344462593304915,10.666666666666666
21737D4B-C745-41E9-9D11-790654CE12EE,20.277580022371804,12.583333333333334
3F66E11E-FC0B-497F-81F8-A4E7EE32C017,22.065070491318654,12.0
6C92BDC4-1376-42DE-97DC-94EA3A38F508,21.69732740213728,9.166666666666666
C860FBD8-BDEE-441B-972A-DAF2AD025E69,21.94497669033988,12.083333333333334
068758ED-AC48-4CA8-A816-F6D64559B979,19.358886652641445,9.25
1BF9062F-8DF4-4066-9C86-7A32DE305014,20.16604914015315,8.833333333333334
BE565A8E-B126-4A02-802E-CE3B7551C5BD,21.13090726815163,8.75
90D62E90-7FB6-4564-B8E9-FB05DBBDB5AE,21.89929081683485,11.083333333333334
87831A2E-7C39-459D-9BF1-0E1EB99D5A57,20.20515391159532,12.083333333333334
8D7B124F-B6A3-48BE-B0D0-2C65046518C4,25.0905952511089,10.666666666666666
0256D130-DA49-45C0-875C-92A491EDA544,21.843088307025475,12.666666666666666
EEE8B648-1BC8-4969-9436-3128D3C48F9B,23.81975712099261,8.833333333333334
FA160173-D0F1-40CA-A417-9128110F3463,25.075356123470044,9.666666666666666
610DFA99-31F0-406D-A26B-9BB784B4B51A,18.5893347528441,9.666666666666666
283259E5-35D3-487B-82FE-B12E0A82118D,26.838464168666857,11.666666666666666
F5B1CF86-2F92-4B87-83BB-DD094C62A565,20.391585163802816,11.666666666666666
B0EFCAB4-A889-4604-9C01-2CE23503222A,18.78637539430698,8.666666666666666
E2AB613C-0C7C-4D93-A137-45FA2634E674,22.482712479310283,11.583333333333334
28B8E7FB-67C9-42D1-8337-971D66109E66,21.25582708279173,13.0
46F99F44-0BA1-4BF4-A8E5-014ABFFF042F,25.038507849953216,8.833333333333334
E2E5737F-38AE-4457-8145-559CDF9FC6F2,21.402928444108515,12.75
06E0FA19-A564-4AE8-90E2-4C540837D929,22.69043162266277,10.333333333333334
995493C5-3CBE-4D3B-8C62-FB38FDD832C7,26.996650711204538,12.083333333333334
B880DC18-8C79-4569-A562-2F4906F05BB3,22.460130630907745,11.75
FDFB6C91-62F2-426E-A7DD-890F64C06BED,20.14174038444088,9.0
6F8254CF-FF1C-4F5B-89FF-F08BE37BC314,21.210418626469178,12.0
E682448A-44B0-4942-B27C-F6A779D0B5C2,23.38499583910976,10.0
B3EBD872-2FEE-4187-8282-52A5E9752038,24.26107585348359,9.083333333333334
E95AB2E0-7E6B-4540-AFB3-B50AACC3A3CB,21.59828049087018,8.333333333333334
B8BD5ADF-79D9-4F7C-94A5-1EF2F49500B8,25.66088383188246,12.916666666666666
76DBA523-3BDA-4C79-B99B-1C6147C4952E,21.608810375299306,12.666666666666666
DF0FCD84-CE9D-4A16-ABCE-93ED448B11D9,25.736737681552203,12.583333333333334
9CE6F5F2-4DB7-4159-A196-A9C80A4064AC,22.843173590807492,12.666666666666666
BC482BEE-9C6F-4985-92DA-A85A3C3FFED4,24.602741857258543,12.916666666666666
65707CF8-9D81-487B-85A6-E9B20F2BCA7E,22.287253349861754,11.5
6E8569EF-7ADC-42DE-8309-2A60D5CFE745,22.599511644333788,9.75
4092BEC3-3760-4669-9874-AC5EED580BDD,26.5280401331712,11.0
B0DE9F54-274E-4995-ADAE-A997198F873B,25.12637238732158,13.0
7C5D1E5A-8EB7-46E8-AAE4-8ADB170165E4,21.262697474488952,9.166666666666666
06BBFEE3-3A9E-4FFD-8307-429B4559B423,19.235445560759967,11.416666666666666
F247F0C0-FF44-42A3-BE43-25D65DCBB3E8,21.621504326136737,10.333333333333334
B4F2CAF6-D617-4963-80A3-CFD9549D9DBF,21.74091322576114,10.166666666666666
CEEB7514-8D68-44A5-9A57-1EA5DB6F3619,18.877345674719162,11.25
C7071879-123A-4F35-B690-B1E2EC5FF540,23.951472002955846,11.916666666666666
18E40A70-1E01-4AF0-BFCA-7A2A95FDB704,21.157296116369245,9.833333333333334
3E4ADA4A-56E8-4E24-9F05-F0BEF252D1E7,21.95054629768266,8.75
170C4859-6DA8-4D80-8B2D-573373708BE3,23.35769134153848,10.166666666666666
B89788EA-717A-4F84-B108-7A1C6252D7A4,20.64181511986007,9.75
092FF20B-55FA-4A81-A67C-5170AFD10739,20.158455387421,8.916666666666666
6E9CCFBE-70C7-4ABA-A25C-E9833828C1AA,22.21245199326015,12.75
1AA0805F-2BA3-462A-9F12-7A365BAD0D4D,26.302527690134742,11.666666666666666
5C5FA086-5660-4103-8D9E-6BF8CF6EE155,17.873871615153565,9.333333333333334
680FDF1C-C3A8-4BB1-A311-B8243D3D89BA,19.4978204563137,9.083333333333334
4999B983-B8FE-4033-ABB5-6FE0ECCA7EE7,19.754675545246176,9.083333333333334
45DD0B69-F8AF-4624-8FFC-6BD53814DBE2,22.698205040641643,10.5
C934AAEF-CB16-41A7-A53C-BCF661625CC5,23.545855009904688,12.083333333333334
453ED7EA-F4B2-4FEF-8D4C-5030ACDAB7BA,21.734206580065997,11.25
48BEC2D8-F829-49B4-A0DF-F4C128B6161A,21.36384005237422,11.666666666666666
F92E7B87-7EE8-4166-95FA-31647C6AF40E,21.627845058262555,10.25
4A1E7B6C-AA5D-4280-B187-EDBD7F917AB5,22.067675167364406,8.166666666666666
458B6C77-D052-4BA5-8107-A8B3834258B5,22.18039829916679,11.083333333333334
38F46F5F-4997-440C-886A-A5F1461F1B43,23.778578845768234,10.5
E861DE6D-2BA3-4438-AAA5-B4A7F081AABE,22.536277807539808,9.916666666666666
FAD586BF-2C99-49DA-820B-077B088944D8,24.337247082300237,12.916666666666666
D5497196-5726-4CA3-A941-B9C4291BBF7D,21.65959967349611,9.083333333333334
B5ACE2B9-37AB-4653-9533-97FBBDF7CA8C,23.259664207258446,8.25
688AA643-346E-4EAF-9ECD-28632108C702,22.103890847117935,9.333333333333334
BCD9E73F-B389-404A-A459-847B7B876DB4,23.96684695844256,8.083333333333334
6A2362AD-3685-486C-B9E9-5CB7A7F75D52,20.94968290779096,9.166666666666666
06A139CB-5F22-4E8B-A95C-0A3CD3CAC90B,22.330603764051443,10.75
70AA6E7D-4083-4C48-8AA6-0F068D45D0B6,22.99054886270909,8.333333333333334
43E28B12-7EFB-4348-92A3-B57F89F0E0C6,21.78696054813035,10.666666666666666
9A5FE673-4A13-4E3E-8022-9702947907D7,23.551923571265284,8.666666666666666
22B2D7CC-3616-4E70-9F93-BB80C179E874,23.243983474430998,12.833333333333334
ADB11340-9578-4C1B-BCD8-AE119D58EB8D,24.993671747489955,10.0
0FDB23B4-37DB-4906-B6CC-C7AEEF9A4C62,18.612147655661836,8.916666666666666
66A99309-6742-4B06-885A-D779CB005678,22.540141471253584,11.75
FC4CB309-F811-479E-B01F-9702EAB78761,22.76074713927447,9.5
D64D042C-0318-464C-84FC-9DE7A8D06D25,20.98351220138427,11.25
6181478C-5185-4E86-B550-C7681AEC5AAA,22.829739502948303,10.083333333333334
D9CC78F8-75E0-4B51-ABB1-48BF9A4AE192,24.495188954447293,9.416666666666666
11EEF673-2270-4687-A908-96F78FB24B5C,22.160965831872673,8.5
E1B9E5C9-C192-4B11-B002-ADA7545F5712,20.58540573094981,10.666666666666666
4335D360-B7E7-4CB1-ACDA-FEB7B4BFA349,24.139571500903624,11.25
6B2F8753-DDDB-4786-AD35-A156BB9A6BC7,24.393635090636106,11.416666666666666
41D39C9E-8061-438A-8D98-A3F901E58E60,20.536200725276444,8.333333333333334
5B04269A-5BFD-4DDB-B79A-47C6E85FC5AC,20.07967832685863,8.333333333333334
B078C072-7C9E-45C7-81B7-DDB75C119AF3,17.082815113820818,8.5
19F0C550-BD66-4C68-830E-4A2F3210962C,18.312625236000606,9.083333333333334
C5A709C6-C768-4C67-8412-BAEDBF7CBFEB,21.2604712289714,13.0
39283D94-2DF7-44E1-9E42-8D9076F101DB,21.56033885137253,11.5
953E8F10-AFEF-484F-A41A-7A4688298C61,23.283991327387422,9.166666666666666
26A4D4D6-F37F-4B72-ADFF-D3315E341D35,22.74264603522742,12.666666666666666
896FB43E-B816-43BB-9868-EA40BFDC06BD,25.64515624845019,8.833333333333334
4B90FCD0-B12D-49A5-A7D1-FC399E0755C9,24.971774054042786,13.0
4D0A8EA0-40E6-45C1-9510-0E04ECD0F923,26.49606414388234,8.083333333333334
0EE6C120-9DFC-4836-8B60-235A5C6D5D21,22.7788105746368,9.416666666666666
C22C5068-439C-409A-BF49-4E77D020B082,20.66710471661776,9.166666666666666
2A57C918-88D4-4224-B56D-5E09671B2591,23.466082692422454,12.75
3AB6D162-0845-4B33-A5AF-70FFE5B742A0,20.35884064656355,8.666666666666666
597B073D-9A02-4B3C-A3D0-F8379C1CFDA4,23.145222952898457,8.583333333333334
30C57D00-8F0C-4136-AB85-88BA6C934847,18.127281299046967,12.0
FFDC9A65-8746-47FA-ADCB-B314E1BD1502,26.742043249138575,12.25
E30ADC2A-F24B-449F-BFFA-967CB483A991,23.332437556386797,9.666666666666666
F4B2CA5E-C0D2-4F55-9201-8F809D8F1B2B,21.37059876840118,11.083333333333334
D18B15B3-31C3-40DA-A938-9CA52616FA0D,24.547155482191727,10.083333333333334
5070BB9E-5610-48EA-9DA6-5734C0584050,21.213549511077115,8.75
D5F00FF2-E670-404B-B29D-909E8A2BDC8C,25.581576410378933,9.666666666666666
725545ED-531B-4622-85B8-5FD7DB8D2397,22.557511731978362,12.0
091ABC5F-A073-4A99-9953-260870B109C7,24.54054976946974,9.083333333333334
D0A45540-CC96-4470-AE5D-D773BE02E5C0,21.90026220351804,10.833333333333334
CF0B2B7C-BD80-4E12-92D1-034CFB96E91C,21.363051015265054,12.083333333333334
B7658DC7-52B9-481F-9650-0E0F5A22C6E5,25.36104341870268,12.916666666666666
CA2C86BF-EA1A-4FAB-A1BE-7442E5F3D1CD,22.831701980636364,12.083333333333334
17448118-97DE-4A63-BEF1-4581ADD67930,19.840260449019812,8.833333333333334
A47FCEF4-93DF-4486-BF66-3775CDB640F5,22.50113388585442,12.166666666666666
346F2B9E-81B4-4807-B838-59DF09FAC164,22.789157854305266,10.083333333333334
512264EB-04CE-4A86-8107-95A35BF7C3C4,23.818934850623606,11.0
222AD790-D77F-4086-9EF1-827363C58FB9,21.354345285575846,11.0
D1067539-40A9-44E7-A2D6-745F9C82E1CD,21.146474302050045,12.166666666666666
75D59F5C-E3E2-49D8-AA87-D2F37C2B11BF,25.563591056259554,12.916666666666666
86BCCB55-D2A2-4952-9829-3A4BFE26D102,22.63050618304417,8.25
86FC9F3C-1981-406B-9D91-905CDF7BBAEF,22.504368758303634,10.166666666666666
99871373-69BF-4081-A605-182FCDBE2F81,22.855461038509084,10.083333333333334
A006C42F-3D00-451A-B59C-12F3731BC3C3,19.903112547871956,9.666666666666666
8750371A-1F86-42F6-BEA5-7655E8F38F07,22.214768718883196,10.333333333333334
8616BA15-A0F8-41BF-9DDD-830CFEA8FE63,22.918878132599822,8.25
A0C81CF5-DE15-4B29-8D15-CB08B75EF469,21.015785248220354,12.083333333333334
0D1A05DA-47A7-485E-BD55-1B4FF865BC86,23.027315320462588,12.916666666666666
2CBD234F-6FF8-4409-9BB2-58741C25E331,21.487484713966353,10.083333333333334
3F681964-F154-41D6-9083-76DA267BBAE3,24.346492346074246,10.666666666666666
4EB930DD-EE55-435F-B869-962CFEDE1892,22.70467079646486,9.75
4FF81454-FAC8-4905-BC78-13541F375A70,23.64473748619954,11.333333333333334
5AB8C1ED-9A53-43EA-B47A-A6FE15E68F10,22.659161033729173,11.916666666666666
5C2F7711-5D44-421A-9CA0-86D478E385E5,21.913225266549645,10.666666666666666
12B7A96B-A18E-49F5-89B7-B0DDB0D3CBA3,21.210621078975496,9.75
12EB90A3-C49E-40C5-A2CD-1E6B180CACC6,18.319144555948757,11.333333333333334
14DB8FF9-45ED-4FE3-8FF6-2D8818717E96,22.408036249399483,9.916666666666666
16F4A31A-E1D7-4B29-8F23-66268B9935D0,22.48463920948738,10.666666666666666
25FDC0E3-64DC-451E-BAC3-C08EAD51D014,22.625869753682878,10.5
27B974DA-2A24-4330-BC45-B847A28A9A7D,21.2301711797059,8.166666666666666
6B1AE679-D038-4620-82D3-D8309C31271B,22.720759345954054,9.75
7CF46482-75D6-441E-9B8A-992399F28B38,20.356500078904702,9.583333333333334
8AB3B555-A7DD-4F17-AF77-F1A86E738110,22.575454152189895,11.666666666666666
9A6DF34E-27BD-4D10-BB72-17202ECCDF1E,24.690332917138477,11.583333333333334
9BEABE0F-0B86-4AE3-BA96-885046398E6B,20.963952327227513,8.5
9D9F8A09-849C-49EE-A9EE-1A491F7EF5BC,19.588773066315063,9.833333333333334
9EA075D4-0B49-49DF-80A6-50A1322A0E16,25.808516047339626,12.916666666666666
091F4E59-8CCB-4C83-BD77-68D293692EB8,24.59930493589976,9.916666666666666
59B56DEB-505F-4B46-BC3C-DEEB2217C06D,21.573145074637054,11.833333333333334
60AFBB61-0D2A-44FF-9B05-54E31F013975,25.167538703333946,12.333333333333334
67A2B08E-E9FF-47A1-B48D-1EEC27FE1488,15.84187857281932,8.166666666666666
67B5AB51-7E4D-4F18-B8BA-564DA0A8FAC1,19.46152641989478,9.916666666666666
69D22201-8E28-4BAC-B0DA-27691E778AA4,18.49858679360805,10.083333333333334
78DF5764-0ED5-4A91-9141-F2E8065A14C1,23.35370445701211,12.916666666666666
78EC07DA-04FF-4CDC-A9C1-2D097303B3F5,20.55991827063533,10.416666666666666
86B0CCC2-9D5E-4EFB-B5D3-45172060B2AC,21.125305896744536,9.666666666666666
99A57DD6-0ED7-4007-876C-25336C87FB63,23.661807875477265,12.25
01E204F0-D534-43A0-915A-27968D7DD08B,19.94758602932827,10.5
0DAD4247-C205-4AC3-A1FE-FEBB6EDC7E96,19.459133213946814,8.083333333333334
1A304D2F-FD58-47E8-9FF1-58F894C974FB,23.81439415756438,8.166666666666666
1A56AB7E-EB2F-4A0E-AC06-6F08F49BBF68,24.25462397329374,10.583333333333334
1BCDCE56-E132-46A3-9D36-B809764DB376,20.14589883966151,9.333333333333334
1F84B865-0A6C-4996-AF19-3169CA73E214,22.318330543718176,8.166666666666666
2BE79123-7DBF-49A3-B360-7AD40063DBCD,21.391801917790392,9.583333333333334
2D5B8CAE-8508-4A86-A905-56543E7FD130,21.25661800243594,10.083333333333334
2FCF4135-FCBE-4DE6-AD54-72A9F5408C93,22.78137624578601,9.583333333333334
3CE558B9-8ED9-48E5-AC98-EB1B8922F2F4,21.807537473576705,12.583333333333334
3E152FCA-F690-4197-83FF-21ED952135F8,21.294171378239913,9.75
4BABDFFB-0FB9-41E7-A8A3-2DC01886A431,21.350012625898227,8.5
4C77A3DF-AAC8-48BA-83F0-50AC9CF85D46,20.254732375445926,9.75
4F4F0C07-7013-4720-A700-B4EC7FD91E3D,23.134406604919153,10.416666666666666
5B7231FD-CB31-45D7-A459-12864A517F8D,25.98213661340763,13.0
5BBDDE62-6A8F-4FEF-91EC-4E6160F1E885,23.8511419337663,8.416666666666666
5C35A062-8B50-47C5-AD21-6FFE60430BDE,21.792789869767464,10.666666666666666
5E587017-48FB-4BAD-A9B2-2F9E1EB309EE,25.40929737498258,9.333333333333334
5E9A3260-A0C4-492F-A369-73DF7FD3FC0C,21.217885416474605,8.583333333333334
11BB88D0-D073-42D7-BD2E-B2C49135189F,18.698889162855146,8.75
18D100FA-37E7-4EF0-A3FC-D53F7E9CADD6,20.717298116185205,9.75
22BE9F72-336E-40C8-8DE9-9FAB19CF9E62,19.765663228829485,8.833333333333334
29FEC2B1-B402-4301-87B2-45D8728B4CAB,20.408931389705142,8.25
36A7FE0B-4AD6-4F11-96E1-8D0A8EBF332B,22.90967571397538,9.416666666666666
36DC47FC-1AA9-47B8-A82F-646631EEFD28,23.344696572993218,9.25
37EE75E5-1490-43F9-ACB2-0DCAAE145C8C,22.832146010290824,11.0
6A08A540-E588-4C72-881B-5149FFF5E3A8,20.12502752103669,8.5
6A18F173-F681-4D92-9966-941EB549DC12,22.914313879192715,9.333333333333334
6B017CA0-4A22-424A-973A-2F3473047ADA,21.25652192126756,9.25
6D405836-60D2-4135-B3AF-5A871A043B01,21.03940286509415,8.916666666666666
6E704CBB-3374-4E3F-83D3-F4CC39DAC3D1,20.15608535634244,9.666666666666666
7B732E68-9DA6-4910-90BD-9D8C11D982A1,23.588151207392784,10.416666666666666
8A7595F4-D974-4F41-AC54-B4510B5DE180,20.61393168226043,8.333333333333334
8B5EFB8D-30F0-4A93-810E-37B69B33547F,24.715005383027826,8.333333333333334
8B6C180F-B3AD-420C-8C31-D44C25E5DDDD,24.45419426171046,11.583333333333334
8E32694D-376F-44C0-8DB9-1AAF574653B5,19.146713878668155,9.083333333333334
8E86606C-3855-490A-A4D6-5405B9B05A7A,17.758963224042375,8.083333333333334
9FD241CD-6348-41ED-8E19-75B51A5E89B8,24.626454046327552,11.416666666666666
0122F28F-7531-4257-BC8B-859274F8CEBD,21.91796783246815,12.083333333333334
058BAF91-DA0E-4D3B-A984-1FAD47390E24,24.33300702411243,9.666666666666666
148BFB62-2DA0-4099-A201-FC7C24545F64,24.00742185851195,11.916666666666666
41D3B0FF-C5E4-494A-B9A0-9D4F7227D8B8,22.259558275617174,8.083333333333334
43A35712-E2C5-47D3-B120-7E24BDDAB1E1,22.052641538864435,9.833333333333334
45A41333-FC15-4199-893D-4D1F88094315,19.448743635023696,8.333333333333334
59A91C08-2F5B-4424-82AD-41AEF8142DCB,20.543462700393267,9.416666666666666
66F556FA-511E-4A3D-9D18-5D507441283B,22.728199661641227,8.166666666666666
69E01213-41E6-48C3-8D0D-700E5464776A,22.95871463150592,10.333333333333334
70B5FED5-DECB-45D9-ACC5-B4DF765189BA,22.972232996657944,10.666666666666666
70FF9F2C-F80C-4B5E-BCE3-F2D1D559409D,25.054009692981875,11.416666666666666
78DFDF06-C85B-46C6-9327-7512E3218ADE,23.95177310756453,13.0
84FA6E64-0A1C-4C58-A5DC-0A7A374DAC4A,19.60273386434591,11.416666666666666
91D2FF4A-8677-4874-953C-21C8C24B2863,22.54596062659211,8.75
92FCA44F-0858-4D95-B534-C1A37E043FC2,19.97738020258596,8.25
96E71843-FF69-4136-AFE0-3BA8C69490F6,19.66554900300435,9.166666666666666
8ECF72F8-F8D4-4BCD-A026-0AA349D19448,25.466866959888318,15.166666666666666
92BAB8C2-7E64-489A-945E-052C4BEEBF94,27.957608982644736,15.583333333333334
94AAC1A2-8277-4386-9012-7ECB650C7301,28.52617379320331,16.0
956D044F-1048-4C77-B8AE-8951B114A73B,24.47204235142057,15.25
9212C6D8-3ADE-458B-B9B4-1B21F8E54B6D,29.16727350914758,17.333333333333332
8589476D-7C88-41FF-B5D6-7B1D6F8FD1FD,29.410744008333683,15.583333333333334
83789542-6F92-4BDA-90C4-7F20B14EC7B1,28.919367633656485,14.833333333333334
A5E7D065-5A26-42A5-B111-7CBE6C791413,28.88695342972926,13.833333333333334
7EBCA5C2-EF09-441A-9D05-FCDE98487CDE,28.43467312653287,15.416666666666666
8A046975-D593-496B-B64F-87DDC9C3D2D2,28.250863302691204,13.583333333333334
8C01BCD3-482A-4353-B95F-2A1359DD1078,26.720876256353492,16.166666666666668
9CFCC859-BCD4-41B8-BEF8-374341D0D1F9,26.64083174180324,17.416666666666668
89E660A3-5B5D-4BC9-AB06-C293CF912CF2,29.36454413074839,16.083333333333332
90FE03A6-2C96-4D31-B2EF-E5E70C48F3BF,28.14433747804835,15.166666666666666
93FD6987-670B-4A27-A0BC-3488A7D0756E,28.550659361480037,13.5
805539D5-C66F-443D-9DF3-285CBB5DCA0A,28.71968085170813,13.5
8811520F-5751-46E6-8CC1-2DBCECD2B53D,28.884390631436535,15.833333333333334
95297073-C18F-4310-AE13-ACA29702D50D,27.97231025821915,15.0
A35614C2-DF63-46D9-8125-333086E62957,28.324017344364872,15.833333333333334
A3446005-9296-478A-9301-B63630160B1E,29.239255253198802,13.25
AA1BFE45-2DBE-4AB0-A185-41B4B2CED02B,29.1354183526938,15.75
0DD0AFE0-104D-4AF4-8F77-AC1F1F133F16,23.779217119415566,14.5
592BB79A-DD89-493F-92FF-3821CD36FD07,27.386766434916648,14.916666666666666
57183B00-7A54-409F-B3B3-33E2889BE115,28.599424814070943,17.666666666666668
6F145281-F0AB-4DCE-9325-8C49F9ED53B6,28.122534677599198,17.666666666666668
177A63B4-0D6A-4658-A545-2AB8B9EFC030,28.68840138317915,17.916666666666668
3629BE4B-844D-4332-8DFC-F497B142B4F0,28.463330673329892,17.583333333333332
7E235671-3392-4F33-97F3-12AA37716176,28.48806353543854,15.916666666666666
EAF6DAE3-9B59-4C87-AFA7-4F7A9AEC4F72,28.218762107358053,16.666666666666668
6017813A-8500-4089-BFD2-43DEB90F3014,27.313121969929,15.75
9C256CAE-FD52-45E4-BC65-1CBFB835E17F,28.525032515722128,16.916666666666668
D2EB1AF1-17D1-4F40-A6FF-7FD91B2C9989,28.809852515749043,15.083333333333334
53907888-D730-470F-B40A-BA94DAF2D5B9,26.94171589979288,16.666666666666668
99829637-E97C-4DCE-8012-DE5A8A3937EF,25.886843521026663,15.0
46A45FE9-4DD0-4F83-A5D1-45ABBE43C904,28.96813683509162,15.916666666666666
75D78EFA-B4B9-4975-A4A3-F357E08CA517,28.33630106029263,16.166666666666668
342080A5-68B6-4D43-B9CF-9619851024C1,25.63199176623191,13.666666666666666
238297EF-6914-4438-B63A-EEC838117B28,28.286066622744343,14.416666666666666
19347AFB-0278-4A25-8F4E-E24C7B6FECDE,28.084796310619918,14.916666666666666
DFC5FB49-19B2-477F-8127-EF10AEB4F037,28.17025976767935,17.083333333333332
E51B6357-47DA-4952-90E7-0CBECBCAE998,27.939008251051675,15.166666666666666
EEA544EE-2D73-407C-9CC4-10A1335989FE,26.041576546430818,17.0
E81EBEA8-199A-4726-A98E-2506B6829795,28.58391693427275,14.583333333333334
F488F068-BB6A-4EA6-A82B-B29CF6C30166,26.812913551230007,14.0
A36580F7-4AC0-4C1E-B666-1E7C1BCA56DF,26.533621340958558,16.0
E1EDD903-C80E-4A0E-B179-83142F470271,28.65267671588571,17.083333333333332
0A1A80BB-180A-465F-9AAF-C92451FE10A2,27.450273256404145,14.583333333333334
1E249B99-2B3B-480B-99FD-B9B54D2F9ACE,27.316462761984553,15.25
6428D5C1-94B1-4F62-AA96-28DDEB42B807,29.05802870721813,17.083333333333332
6EA22962-4744-4419-BCA1-F167F6DCB1E5,27.072145828843116,16.833333333333332
F1197A57-05A1-4C3E-9CD0-835E44872C5D,27.66495122942531,13.166666666666666
6BE605FD-EB86-4C2F-98A5-9ABDEE7EFF0F,28.855408863103207,17.25
534F15D1-C9B5-4084-B350-32360873ECF5,28.554920589747905,15.583333333333334
CB256257-2F34-4486-8CBB-A5F1176D5A5E,28.192840110749017,16.083333333333332
F475C0D3-EF98-4541-8D37-2792715D53D6,28.05957565951681,16.583333333333332
306256FE-E500-45CD-B2D0-84E247993999,27.75777108053832,13.833333333333334
59EC899B-F9A0-42F5-84E5-B5EAC94A071D,29.119914868694103,14.083333333333334
05F0EB5A-545F-4249-8CE8-41FA95F42BCF,28.937304398827447,16.0
ECABE1E1-B3D2-412B-A41E-EC3C16969E72,28.509390342299756,14.75
60B18B77-F2AE-421E-8069-F048E7324756,27.65934491063272,13.833333333333334
67376990-F223-42C1-8CB0-F2AA038AA325,29.290823599051762,14.916666666666666
36752CC3-2523-4EC5-B90D-B0ABDDFBD971,28.419255509970725,14.083333333333334
E80C103B-BC62-44CE-9633-8D37D1D04ECA,28.342855762526373,15.583333333333334
3CF7E48B-CAE9-45C3-A3B8-68A52F23336C,25.042085759171627,16.666666666666668
65096A03-6375-4D27-983C-853450E5AB1D,27.390923855478874,16.25
29ECB5AD-6536-49EC-B219-756F92A042AB,28.477377983709307,13.083333333333334
6138356A-6717-48CF-82A1-4FC04073593F,25.677913877291452,15.666666666666666
40B76081-86DE-49E0-A566-90E3C766F75A,28.013746027897266,14.25
CF389451-90C2-4FA4-B141-5229CB80DFC2,28.514236382448573,16.166666666666668
A2B66FF7-4EB3-4989-BFC0-32681EF25209,27.782029568926475,16.25
356578DA-55FC-4191-9A85-E3AEFF1582EF,27.974957117258207,16.583333333333332
F6663ECC-8FFB-45C1-8B66-7F0B20303516,26.812877649069083,15.25
E4D7B5F5-C035-47E8-ABBE-DD80D902B1E6,27.69120662435935,17.166666666666668
B1E01EAC-A147-45DB-9663-B82BEFB9CBD0,25.204316292172933,13.333333333333334
BB2E810A-FA9B-4AFA-842E-DD6B376296BF,27.308338080815297,16.25
60AB02F6-1911-4CF0-9F10-BE564FEEBA49,28.19742721344682,16.583333333333332
AEC9DB2A-506A-4D50-B6A0-E03DC7457159,27.249525379181314,13.166666666666666
088ABD55-A7DC-47EB-95A3-17AADD612F67,27.205286705099716,15.5
ABE6D1E5-5033-42AB-ADB1-ADA2684A37F9,28.332038247864855,14.333333333333334
5BA7650E-9DBE-4A11-8B94-B2D9FF5E864B,26.630305311957365,17.166666666666668
B646A3B5-CFD0-43B2-BF5F-88E2FC63529E,26.12578157306917,15.5
47077769-3664-4ACB-9A80-C9EFC9AD91AE,26.90638737508026,15.416666666666666
3AF621CC-04A8-4CF1-A992-56097EB0E67E,28.449515918890484,16.583333333333332
4B335B08-DBC4-460C-937E-E81944C71C35,24.842685911638455,14.75
F00724B1-1684-44B2-8B9C-9253D197D4CB,28.91647951294808,17.083333333333332
753C0F94-6596-4733-ACF2-C8A901BDA3AE,28.753548739881303,15.25
2DEB5941-B43B-4A6F-A1B4-069D2863C08F,24.143277518081042,13.416666666666666
BA2E5B8B-59B4-41FA-A471-C270F0C30312,27.35056221753065,14.083333333333334
21534678-C88A-4E3F-8C33-418AEB07F858,28.384580336449485,17.75
AE072D35-88D5-4F1C-99D2-5F123D24A4A9,27.13468322005882,16.666666666666668
0CBD4103-2807-41DB-BE4D-6222A04A378B,28.385169382735967,14.416666666666666
5DD9A0E9-3D22-4C61-85C0-5D5DA7932006,28.90003118455188,14.166666666666666
0A861F15-8BEF-4A9F-BD30-5437AA3E39F3,28.992229673284573,17.916666666666668
CF7C6A7F-2D51-43C0-85BB-F7EE956489C6,29.0034350256017,16.166666666666668
E681F6BA-DD54-4A09-8183-429752531123,28.850009652371593,16.916666666666668
14D205E5-79A8-4390-9CAE-7E3EC12C3704,27.67804701696911,13.916666666666666
35E3D2F1-4784-407F-B848-6E90869C2E5B,25.12551271681631,13.75
7AA271A8-0DD9-49C0-9515-67A9D0291B14,28.685160876541733,17.75
381D7A2F-0928-4137-95C3-E4D2227291E6,29.10222856605182,16.5
2EA431F4-7FA9-4C97-B8C3-DE21AB6ECCEB,26.79687903954469,16.083333333333332
3B38705F-422B-4215-A259-E57F2E66D6D6,25.417280283049816,14.25
4CBDFD28-AC43-4B6C-A319-F6E26D14C312,28.982008559069342,16.416666666666668
EAB335B0-0D3A-457F-8557-DA1BBE4DA0EB,28.65107871090572,17.666666666666668
762E7FB9-76A8-4BE5-AFBD-96D64EAB606F,27.260332676955322,17.083333333333332
659B76BA-2706-4464-952D-5B72134D6430,27.739937876855734,17.25
1986699A-3987-4868-BEED-E98B9A355580,28.914520856102488,17.416666666666668
6590A5C2-B78F-4445-BE9E-A3F635293FF6,28.57107241792266,13.333333333333334
F5C74994-650E-46C2-9B6A-54EF7577F4EC,28.283059597268014,15.583333333333334
747C038F-0663-49F3-A285-3E055C8E4D6C,27.366728417237944,17.166666666666668
55DD86D5-7CA3-456E-A258-0409D7459578,28.550647259001504,16.916666666666668
79303282-E7C9-403D-B3C3-F91BDCC4DD37,24.721536702206357,15.75
CC475D27-CEFA-42D2-9791-C2264CE743C9,28.18783972359539,14.583333333333334
F79D10E8-D24C-49DC-BA8F-7BE83AF9E475,28.580815153305895,14.333333333333334
D6F93640-6EF4-4908-8B55-930338CEE4A0,28.730806593152597,13.75
1DDE258A-B1B9-4990-8BBF-AC1FAE0CFD03,27.02127804937409,13.666666666666666
AED7A5DC-DB5F-4046-AC34-65E7C675D22E,22.26268436227999,13.166666666666666
E1BF2516-020B-4BAB-937D-B563A10D5DB0,26.157601770547355,15.166666666666666
D95D5DB0-03CA-4B48-9ABE-CD46DCB4A3DF,28.397953859270892,17.583333333333332
1052B2E6-ABC8-4F22-A5ED-3C611E5FB8DF,26.17470235623537,15.083333333333334
D9716B60-78DB-456C-ADB3-1FFC24895ADB,29.0724729140117,13.5
191C6EAE-CBB8-4697-8ECF-D6A685C8C024,22.34446898031835,13.083333333333334
4545EBE4-5917-4B37-B314-247193D1B476,27.785227868404444,14.166666666666666
E4DD7F04-7173-42EA-91AE-2D1AF216FE72,29.3291887422861,13.75
FADCB171-1EA2-41F6-B561-0568B0D446CB,28.62164101423817,14.833333333333334
D980FA6D-33A0-4DAB-ACA0-3ACF8A206B77,26.592399951156857,14.083333333333334
C5341404-1292-4B2B-A83F-E5119C5BA456,29.487390193630947,16.25
B4E47D85-6E8B-4F53-B57E-E1EC5BCFB6F1,26.745153538801386,17.916666666666668
A16DDA95-1E15-4042-A1C5-CD494B0EAC3C,26.04262052120072,15.666666666666666
1F346712-F256-44F2-AF77-4C2AD2A418CF,27.079252950955013,17.0
DF9EDA22-59E8-4846-8EB4-811738A96275,27.08228157983595,13.75
09D59BCF-4B5E-4360-9B6D-FC3E2F3831C5,27.580524453790797,17.333333333333332
2E27CC16-8A86-49A9-A213-FDA5C4B4FFDC,28.693677224041487,13.083333333333334
F10F6B71-C5DD-442E-9363-1D5716243D14,27.646117320258462,15.5
F2B716BE-604F-4A44-BA52-AFC9B82FD69B,28.76631595189236,17.916666666666668
5BD66973-1B89-4148-B115-4E99C663F7B6,25.543091823590185,17.333333333333332
4EA6A157-6CF8-4F2D-8721-29F7C3B53244,28.225439618213517,17.5
DC2C8FC5-5D03-4B4B-A215-B61740054275,28.540001297136932,16.5
70B3B384-4DA9-4811-BBE8-D357C573677F,26.997420521212135,15.333333333333334
D3B9ED62-B4FF-4D4D-87A1-BF1C8F5AF492,28.527575601532867,13.666666666666666
4C48BF38-FA0A-467F-92F1-99A6B725246F,27.827025288544565,17.083333333333332
8858DDF5-74F7-435F-880D-077D7C79CDA8,28.994354663313793,14.916666666666666
79623C10-6E61-4F48-B6DB-5DF12CED815A,26.650425920686608,18.333333333333332
2E131AD9-1F31-4632-B509-ECC08D86F6E4,28.234403669954563,15.166666666666666
91024776-061D-422D-A570-34C8C9672197,28.789172275839753,14.333333333333334
F2BD26B1-C0B5-4958-A66C-31894FDD280E,27.660541947188676,14.75
5B059332-ECF2-4E6B-A2C7-289A17850460,28.30183146743553,15.0
C581C735-3867-4248-83CE-250DFF26B5AC,25.07376225085821,17.666666666666668
63183EB3-A53F-4B44-A678-E53E6370738D,27.398894073636416,15.416666666666666
5F1CB31C-1143-4DC2-8E55-8A6B529E4570,26.02189969280351,13.25
4132EA57-CCE4-4090-8274-89C34C7E1BCF,28.432820889558094,17.166666666666668
B031ACB1-C416-400B-941B-915CCDC69C47,26.592290937084453,15.833333333333334
EAF19CE6-AB61-4A4D-A458-B591186ABCC2,28.87815979842983,17.416666666666668
055D1FC6-46FF-4627-9955-3C42B16A7AE9,27.28629278493695,16.333333333333332
35D13063-F460-49A8-95C3-AEC79E1CEA31,29.34758813137185,13.333333333333334
72539E75-29EA-4272-89AB-D31FCC53F2F3,29.34137616688409,14.333333333333334
0A3FA2E0-0D17-40E1-B919-14451FBCE33F,28.87250623607019,17.416666666666668
30DB27E9-343E-4A29-8411-593ED32C7D12,26.997250903098525,15.166666666666666
0BABEBA5-E74B-40E8-BDB5-671AC052AD81,27.2158720192153,13.083333333333334
64CFFA63-E996-4D89-B7A2-9191900B16C6,27.310433280875802,17.416666666666668
4CE93C3F-2399-4BB4-9665-49A3C6999D8D,27.738854166108666,15.166666666666666
2EE18E2B-AD9C-4FB0-AC53-6EF8594CF7E6,23.303299615984308,14.333333333333334
DCA04BC0-B86A-4F19-942E-BF16E076BCB4,27.726563677335935,15.166666666666666
E0DBBCB9-10BD-4EB3-A395-1868D6516428,25.199910990465135,17.75
0AAB9550-4DC4-42E1-ADA4-7E25EFD7EA0C,27.847145120460663,16.083333333333332
4784CE96-F440-4AD4-B438-3F4F9322ADF5,28.92285689490457,13.916666666666666
AECBD1FD-A1F4-4FF6-8B60-B2EB551A8C3C,27.992580877863567,13.666666666666666
35944F60-B099-46E7-84B0-CC5E1B513FF6,24.625502759662066,13.166666666666666
86532433-7357-47EF-83B7-16F8D8C891A4,27.122594357824692,14.583333333333334
FCCB2E2F-79FF-4EFF-920B-740804AD2B25,28.087721128690617,17.25
064F507C-C63B-4BFB-9514-C224C1559752,27.418416471654226,17.916666666666668
2CE8B8B8-3FEB-4144-9DC0-BF985C0ED04E,28.15371347442838,14.833333333333334
03DAF089-21BB-4817-831E-A458CA68AEA2,28.29448835107353,15.166666666666666
AF721D2A-EC51-4A87-88F6-C34A18F4D132,28.562193092069293,14.416666666666666
B896C7EA-D763-47C6-9475-2CECA2435104,25.67978224933827,15.75
80D8BC01-9F36-4AD8-A835-A3C0B246FEAD,27.01694988828395,14.916666666666666
552EB23F-DDA6-4A8C-8613-554AB6CADEF7,28.734519897056476,15.666666666666666
86ABEFE7-C6C5-4554-A12B-C935AD6DA2D0,28.483288555645483,17.166666666666668
11B57D18-9B14-47ED-A86B-0BBDA0F9B155,26.263215402426525,17.333333333333332
575300C4-89B6-4D00-AE21-61CC3D6CC5B6,23.521845511328785,14.166666666666666
559474E1-8C36-4421-AF77-E2715CBD27C0,29.193749652257228,17.0
496E876F-5DC2-451B-A8F4-2769306D1AA2,29.210570554396444,17.583333333333332
ACE06B76-4ABF-4CAC-9B0F-F6B093D26F47,29.11381079614952,13.75
8DD71E9E-EBB3-454A-AF49-19D4A25809BB,28.867086176143193,16.25
6E2B46E1-F54C-4B4E-A027-CA26E58283C6,27.5977294035261,13.666666666666666
52ADD038-3535-44C8-8128-FDE286A01FDE,28.75385615068598,15.5
04D14D1C-6EB5-45B1-99A8-C2D17646EB4F,28.831766967758355,17.25
59CEFD58-720C-454E-8DA2-BB86A8AA25EC,27.40909470190037,16.833333333333332
09837DF0-ABD5-4040-8A49-07F6C98570C2,29.000669352233235,17.666666666666668
1E926A8D-AA70-40F1-BB75-B775C552AF42,28.47016751146617,16.25
5E9C5A98-3540-410F-939B-E61EC7193BB7,29.70438598918142,15.583333333333334
8E6573B1-C5BF-4B60-B5DA-2EDA9CD2CA88,27.450773118809476,17.25
BB9785F7-1388-4826-BD49-92E452594D66,28.98902303200243,16.25
406B8905-95E0-407E-9662-7EFE5F9CF9ED,28.93349345371468,16.666666666666668
66198427-CC87-4135-91AB-6987F86532C3,28.771985505441055,14.416666666666666
F60E3C7A-2544-4A72-9910-31C4179F188B,26.016855355177483,13.916666666666666
B2B97590-B280-4026-852C-1995A9FF0EAA,28.46994480173766,16.916666666666668
71ADA073-110A-4619-932C-CA8151E2BC70,28.643047840637088,14.083333333333334
06AA4F43-08BD-4CA6-86A4-78D00DB7A17F,28.880211832543132,16.75
37851960-724A-4BC9-8D2B-F02DAE868E25,28.1483420767291,13.416666666666666
DA16D781-F54F-4814-8E7A-14D932520D5A,26.920403285318333,13.5
F41E7B57-A37E-4DD6-9BA0-FD615C26B799,27.785812346236174,17.5
7D1F2237-B26D-40FC-A2ED-E131ED2E3114,27.924598418857247,16.416666666666668
80FDDD49-82BB-49F8-B758-C73B23509D64,28.0838231497085,13.083333333333334
A2907F93-615F-4A8C-B37A-17E2CA9F88AC,28.984837810950317,15.0
2206B6D1-B2E3-469F-8A0F-89DFAC1C0BDE,28.939065312809603,15.583333333333334
C266581F-F2A5-45D4-9AD5-96CB17293D47,27.987731287402106,16.333333333333332
CA2431FD-9A51-412F-B997-F5ABFDBC6F21,27.106104257176845,13.666666666666666
CAE8ADA3-D8B8-43B1-993E-97D922A10A91,28.60148884141355,17.0
1211FFC3-6D98-49C0-BA0C-041837F0AECC,28.99553798365369,14.25
D2726C13-9028-45EE-B08C-34DBD9F193DF,27.128144246840478,14.666666666666666
76AF5A4B-AB0C-4C45-A3AE-40706BB5F462,28.547529554983118,17.416666666666668
02270D15-6573-47F5-9CFE-B95C63CB9C6F,28.547841753808733,17.5
E21C2FA1-390E-4612-914C-D0F9140DECF4,26.84518636488349,16.0
348E0F1F-752D-466F-9A7F-C4184B6CB90C,27.58454063654792,15.166666666666666
69C8DE61-3DF8-4A96-B3F8-D1DBCCD02FF0,29.021032032916555,16.5
F4A48899-80BE-4B0C-9566-E90DEB334162,27.024952142332683,13.166666666666666
58328060-FEC4-46F7-AE53-50E7AC451E14,29.186550079806903,16.416666666666668
06B224B7-DEFF-4C47-85EA-DB2AA0C5C61D,28.91860484923834,14.083333333333334
4307CB53-E5D7-4D69-8AA8-9D0AE4079F58,27.527721687699973,17.333333333333332
DF272491-0C0B-4534-B05B-13DC0D91F5DF,27.59069471952767,15.166666666666666
491DEA9E-508F-463A-A72D-0D6BF1490B90,29.24637375147395,16.75
60AEE3B0-9DB9-410A-A87A-31B20B571B99,28.247141171677168,17.75
C6C749E3-76A4-433A-AEA4-4AD705176136,26.214227654847758,15.333333333333334
1BB4AA32-EB57-4CEC-83D5-B02A8A9A766A,28.347879421560418,17.166666666666668
AD314486-A9ED-4A6E-8355-D7D3B5584369,27.13445926344842,15.0
F5026075-E4BA-4925-AC7D-7176CAD2CA35,28.60891203059637,14.583333333333334
C1091360-DBC9-49FA-AE0B-C8232ECEB23E,28.262586098181217,13.833333333333334
2D9AE04F-99EE-4DA7-91F7-9D236DC91C20,26.702887010441415,16.25
3242D344-DDF4-4480-AB81-B8EB569A48BD,26.816529467184107,17.25
FDFE61D8-3203-4315-8452-71B0C654DA12,25.804493751235146,17.25
72C779E7-5134-4FEA-9744-7F51F932784E,29.048626099946638,17.333333333333332
B9B30439-7742-4C23-A118-3544BB3508D4,28.41741818613984,16.916666666666668
DC357810-1A7D-4E5F-BBAC-E1321621E514,28.043018511104766,13.166666666666666
0BB8F440-FC12-4457-87E0-43D0324DE3B6,28.12325768689712,17.25
FE4DC0BA-851F-4DFF-8F8B-1074CF33CD7D,28.224631115522882,17.5
177D2462-4BD7-40DC-95D7-154D5284C469,28.549509426582606,14.25
76E5C180-0A24-4D0D-B7DD-D7F48D674961,26.75745185713546,14.666666666666666
35D19FB7-57F8-492A-80C8-519769035A1E,28.250571802975873,14.666666666666666
EED3B5D4-867A-4D00-923D-F77F7A48EBF5,25.5000020423626,16.916666666666668
18D4393C-AE9A-40AA-B480-9E242433E5D9,28.769769589912606,14.916666666666666
ECF2AB84-D90D-4486-A535-BC0004AB55D8,23.573298489938196,13.916666666666666
80EE2B5A-19CA-4480-B4DF-FAE8CC88925D,27.659580736449268,14.0
FF33CEC3-C6E0-466A-8398-3A14B52A0CB8,27.450106591319976,16.333333333333332
018D3DA7-04C1-4273-AAF8-C8B5479F4132,28.52106323655711,16.0
D1E1589A-E8CB-4227-849B-743A4F4B1928,26.843769366246626,16.666666666666668
42778C3D-5A79-4A37-9482-3ECEA679591B,28.56696402379151,16.083333333333332
C918C384-7750-4393-B33A-C46A2CA7517F,28.84510423329434,15.416666666666666
721BABF7-333F-4A32-9B63-A9230AA979F2,26.99918631453986,13.25
791B2BDE-C295-465A-B63C-8292442F668B,28.94616210587206,16.416666666666668
00023181-1500-406F-B1DD-536613EBB042,28.542003378870547,15.25
5AC84F31-90CD-4536-B878-953A22223B8B,28.947477640983024,16.5
000AE426-AC39-49E5-AF4D-E7838C96DBAF,25.673077349655816,16.583333333333332
CD88C484-E9D9-4022-8C50-BE41BFD220AD,28.39497292898437,15.333333333333334
F1448CC0-292F-4A9F-830E-F9C2194DD59B,28.48467051341697,14.75
51943362-79BE-4628-8F2D-E2EC32C2D439,27.759373499749962,14.25
98F34D08-4314-4332-B904-ABF308695C39,26.244672209014826,13.5
DE8FFC48-2278-42CD-91B6-69EDB6E00BC0,29.087797250147172,16.75
3227B636-BF59-465C-ACEC-ABDA0BE98A43,27.324726951509753,16.333333333333332
9589883E-4FB1-43B6-9B99-B30728D339D6,28.668163190229528,17.083333333333332
DC899D1A-C356-4D20-A783-E349B4CE144F,27.623314617440787,13.333333333333334
DAC7EC8F-39BC-496A-A38A-F332AAC1EFB1,28.811921214691658,13.333333333333334
2E5E5187-D1B2-46D4-96B0-8B0E1F56C11B,26.90449380310761,16.166666666666668
489A440B-CE91-4B11-BBE2-8AF0A65B00B6,29.055736675893353,17.5
1BA73FFB-7BD4-4DC4-9DD9-ADB80C858DFE,27.378702738810386,13.166666666666666
03AE88DA-CFB1-4805-8012-7B84AFC9B048,24.119072721890166,13.916666666666666
E6C6BE0E-C49F-458A-96EF-AB89E92F806A,28.2136857038223,13.416666666666666
DBD5D31A-6512-4EBD-A121-73C5BE8D14B2,27.73986084296507,16.833333333333332
BDC824B3-66B4-4838-9BB9-1D619BBF78BD,28.42805551504097,14.083333333333334
6A46204F-831A-4ACC-89CF-B24C377748E7,29.168986012423595,14.25
037C1B72-5037-49A1-A24F-C751113991B8,27.391036926663148,13.333333333333334
2491D10C-DD6A-47AB-8E48-20D9D513F6ED,28.927000634005335,17.583333333333332
69EC2C80-EDEE-4EE2-A436-7227A691FB5E,27.89189937941838,14.25
D4E29F34-154F-41B6-AAD1-F2940DC05E76,26.249629035302345,13.333333333333334
B2F0393A-EE83-4C0C-9329-8D21A4D2ADE2,29.216056077959575,14.416666666666666
2BAFED6D-4539-4DA0-B4E9-40F0E68606CF,25.837844417824073,15.166666666666666
78603E7D-BCE6-40F8-9A75-A61772BB40C4,28.14767817174033,13.416666666666666
04206FF4-508D-46C8-B0DB-0157A3049991,28.75830974376901,14.666666666666666
4983A182-C724-4F1D-AA83-9A23370CE2F4,28.006199722429624,17.083333333333332
B4C8D754-2C4F-45F7-A934-EA4D0309454D,28.36234675847338,16.75
DBA3D3EB-E759-4151-BB0E-B7EA2D9136EB,27.933355076253562,17.333333333333332
15F34EC5-892C-4ADA-9860-71AE9F58574B,27.43980444595326,14.25
CC4B030F-70E2-4E95-8E10-2A11AFED4F17,27.74004750916675,15.25
2A8DE92E-14B0-47BD-93A0-D6B1C03D59C6,27.460977472721375,16.583333333333332
F978BBA7-4A79-47D5-99BB-7FB6590C5977,29.045403499912354,14.0
5068A6B7-0210-47EC-9DC3-11F8EF59518C,28.575256565432074,14.333333333333334
2D680D2F-8251-4D0A-9F3B-C21C5C611E61,27.319173192994572,13.25
723D1B09-C95A-430B-8C73-6A1930BF05FA,23.992205324385292,13.666666666666666
D0318BB1-D4AB-4A70-9772-F434AD900C88,28.414533420610606,14.583333333333334
07C80CDD-45AC-4BB7-8C2A-8C378319BB87,24.08993737759781,13.5
3B4C9D65-C9C3-42EC-A6B6-BBC374C168E4,28.436246754952105,13.083333333333334
4D5F86C7-EFE8-45B6-BFB2-68971048337E,24.304713547360013,13.5
1B9B4E14-8E1F-468C-B614-1EC6B25CF38D,28.23500822132399,16.166666666666668
662CF982-C510-4107-BEC1-B0D67ED6F71B,28.79332146453456,18.0
AD674FB4-F49D-49B1-9EB7-9FA8F8A8BA6D,27.5824718417762,16.5
668CEBF9-B527-44AA-951A-16BB0898A866,28.742685693013193,15.25
F7A0C24D-E238-4009-ADD0-B0B25E8B8323,26.87673258829442,15.083333333333334
1B722E7E-59F4-4AA2-AA59-ECB5A32B609B,29.610497660556973,16.333333333333332
D5AF076F-7BA1-4DFA-AE90-6D5B1C0A78AD,25.071967586500133,14.666666666666666
D1023DED-DD83-4314-A21D-E57221A03A7B,27.97779908841154,15.083333333333334
7D176B42-B164-483B-AB85-9F6CFDD26E13,28.35189142335046,14.916666666666666
BE21E85A-A3A8-40BA-B734-D178D30C5346,27.253993735890077,14.25
66FD3C4A-3DDC-4F1B-AC63-D63FBBECE6C1,28.10084585722332,16.583333333333332
34383E14-3E71-417F-81B7-EC8479E5C36A,29.06543756948411,14.25
5D90583E-79F7-43A6-BBBC-FF7AEE7C4619,27.036417158353565,16.833333333333332
5C0EB754-6B9A-44D7-A208-AC5DB80FDD80,28.848962464294313,17.916666666666668
925AB343-6D53-44E1-8932-4ED54338F84F,25.41268598968624,13.75
7A222904-988F-44FB-B22C-CBBC00887592,25.27208324153411,13.166666666666666
E2B3C01B-01FD-4358-BDE8-7C849F1917D1,27.921382944346615,16.333333333333332
55D0334A-103D-4B5F-AC7B-7F65B874551D,28.73623700056082,13.083333333333334
080B39E6-9415-49E1-964B-6A84B6A36B06,29.19820925574949,17.5
0ACD04D2-EB18-425E-8940-2BD313339A6A,28.638419554661667,16.5
7C2F52BB-91C8-4BBB-B4CE-A9771CF7B96C,27.07022322340226,13.416666666666666
B13D4887-6B3B-40C3-998A-B16AE625A96F,27.37856386151924,15.083333333333334
058C2A20-169A-451A-9DD0-7EC9654A3CB6,25.75728944956576,15.5
5D740F9F-C2C3-46B8-BF9E-CCDD59BA0182,28.286947597186575,15.5
240A40AA-C6A5-4667-AD86-E4AF19E3811A,28.000031757992858,17.583333333333332
8C1D1018-8C8A-4D6B-8E4D-3B65FCF58E08,25.962783768005504,15.083333333333334
9A1EEABA-7240-4D95-82B0-00EEADB8D59C,28.53091521234209,17.583333333333332
93EFFB1E-1E66-4372-8FBC-58B28C7FE997,26.863442869794216,16.75
893AAF6D-E328-4C95-BD17-1546D04757F8,28.298740207190384,14.5
992A2ED1-E4D4-4A03-81CF-170FBBE73681,27.653607432901165,14.833333333333334
8363D82E-6EED-4ECC-95A8-EE4E36A05206,23.71358901901725,14.166666666666666
88323C0A-1097-45E7-B67B-6C3F34B61BB4,28.686616547375042,16.0
7EB895D0-A991-4700-ACD5-FDB1A09FD557,28.6501405684646,13.666666666666666
8C735461-9C16-42C8-90DB-64A8279DC810,28.68058437559679,17.166666666666668
8D13C921-6009-4F2D-94EE-9D9E8ECF7B99,28.000436006462767,13.666666666666666
8F925D66-6E76-4BDF-B3BD-1A66CFAAC716,28.02527094313508,13.25
87C50B15-E7B2-4553-91EC-EDCF172B0FDE,28.66444537296274,13.75
858370B9-DF33-4210-9318-58B415D2C831,27.11315615682898,13.416666666666666
A40C4854-CAE8-417C-90ED-37ABC14F9284,26.945840430578915,14.75
A735FFFF-44AA-4D4C-AB11-77215DBE23C8,26.907058844073358,15.5
03E026A2-C44D-4D96-A8ED-54ED5A1091B1,27.00448297071626,17.75
04BE4ACA-A022-4C4D-BD06-19FE33FD33C3,28.627452701098356,14.333333333333334
05A43BAE-77AB-4BDB-B13D-DE2044E600DA,28.091647663295962,17.083333333333332
06F30BAA-36BF-4726-921E-C5AB0C5ED66C,25.82871029904731,16.25
0BE4991B-B336-4A68-8E24-0104D2386E91,28.629152664355264,17.583333333333332
0F9A5189-809E-4179-8F32-BECF152C60E8,28.907643011939054,16.333333333333332
1D70CCA3-6A7C-4CE9-9CE3-DDF528A2D193,28.9343655452689,15.0
1D884BB3-964E-45BB-AE56-E07EC8B9FC2C,28.147583059303088,14.0
1DD4FAE1-4C8A-4D97-B557-C027B898A192,29.090978792458262,15.083333333333334
1F47E95E-AABF-4FD4-9BBF-CE78CA9DA5F7,28.05466350060092,15.0
2A09D58A-26B4-41FA-B80D-AEE9867DEC19,26.589426889642002,14.5
2CCA6B1A-2BA0-4135-95E2-1F4ACE5EBD9B,29.016503437155777,15.083333333333334
2DD9D83B-E1D1-47AA-8DED-9E7F798456EB,25.61423466085832,14.916666666666666
3C0DA7CC-2185-4BE4-A937-D92BD04458D5,28.198061928003767,16.083333333333332
3F44CF6F-3611-41CB-95BB-DCB2D653C325,28.282749014189147,16.5
4B7A3A2A-89F5-4F42-8FF1-D5E705B8CAD5,28.45512776063989,17.166666666666668
4E5D0CAE-F5AA-4A54-9F6F-83D6633911BD,28.581415534345247,14.0
4EF6B61C-A0AF-470E-BE84-90C44A5C1AEE,29.059633098689236,14.0
4FF90986-8380-4D9D-BC20-EE738B440514,27.73305207122794,13.5
5C25F1BF-FC37-44FD-9776-B91CB9012970,25.147673276112222,14.583333333333334
14A2E08F-EE60-47CE-A1BA-761A19C33BDA,27.74928800550127,17.25
16B3895D-AD47-4E0C-B19F-7298F93135D3,27.427069307403173,14.833333333333334
17D93F7A-98EF-4350-AC9B-D4D8073C0F6E,27.2397023405547,16.5
23ADFB90-E11F-43D7-92E3-A3136F30E826,28.204616523839473,15.916666666666666
24C7DBF7-D855-46D9-A11D-9CC1477E8CE2,27.70450455271332,18.25
25A053D8-7D48-494B-893F-715D9F9F0795,27.27062843067035,17.333333333333332
25D1BA88-7314-4508-80E7-B8A798EC064B,28.411543392610177,16.666666666666668
26B1B8AB-BA1E-4726-A2ED-FEB8C36DE29D,28.472640848880534,15.25
31A2F131-40E0-471A-BE4C-FC4D1734EB64,25.197517811297082,17.333333333333332
33A31141-78DB-4F5C-8F59-83DC053B4486,26.658652204235644,14.083333333333334
38C090A0-E091-4CAD-982B-47081FF3A13F,27.67719360662519,15.25
6E6EB081-DE75-4918-A0A6-BF773D30E12A,27.26343601339668,14.5
7A3C09E5-3C60-4A0F-A81A-59E40C189C60,28.263885051862314,18.0
7C238956-E642-43FF-AAC5-F29BAEBB958B,29.117689096313903,16.833333333333332
7C360FA9-C081-4C7E-9D3D-5976F1ADEC92,28.940937667615295,16.25
7D972EB1-4F58-476C-9651-1564E2F272BC,28.45640906947156,14.083333333333334
7DE9847B-EFF0-4FD2-9B63-5A860EE4DBE2,27.45224561529244,14.666666666666666
7FF1159C-8337-4FAD-A7E6-A068721A2DB4,24.6894435488082,17.333333333333332
8A7BDD06-2A24-4E08-B1B2-6BFA13660BE8,28.1038533771694,13.5
8B719C32-8A0C-452B-A95A-D4CB5B6C8FDA,28.786020544777838,13.25
8CB13F32-5805-4EAF-8266-0CE454AD179B,28.27915017556533,14.25
8DFE02B7-F834-4B17-9F76-98A5A5DBE944,28.992331562166765,17.666666666666668
8E9F4913-3307-4DD9-B582-E9AE8FB633A9,27.462502632565595,16.583333333333332
8F41ACBB-A1EC-48B8-8956-005F74435C11,28.14634027312707,17.583333333333332
9C395A86-883E-4D64-8A9F-2C342BD5208D,27.955696129811255,16.916666666666668
100AE9D0-023F-4D7D-A3BD-82D4462C554B,28.472269470055494,16.916666666666668
126BFECA-2895-44AB-8BFB-8D80AA0A47FE,28.529716362283924,16.666666666666668
172A79E6-421D-4005-BD91-8F8B390968EC,24.530784139996467,16.75
181F4D86-A637-49ED-906A-E0B9624D8942,28.82539358701722,17.75
64CF20D7-E536-4B52-9128-36246B11EC15,27.98474040353658,14.333333333333334
70EDA8A1-67A0-4821-92BF-8914439342E4,28.928005630185666,14.166666666666666
79AA3ED9-E17B-4574-85A5-73ED59A6E672,27.87322340808952,15.5
80E26722-B698-4513-91C4-C28A72D0448F,27.915536715010425,13.333333333333334
81FED757-2D52-4D5C-BEFB-76B08F49BD36,28.423768998822933,16.25
90A51C48-AB8C-492E-8BA9-153B3E64C3B1,28.77371790259992,17.083333333333332
90ECC573-04BE-46E8-BBDF-58ACBBE90D1E,28.733138205065647,16.0
94A5C893-BFB0-4F6A-9803-D31F2A8DB744,27.45470367371868,16.416666666666668
96FC60D9-D345-4506-A518-75AE4974A65D,22.59969656323802,15.0
01F75FE9-91F0-45B4-BC1B-D1D36FAC8136,28.388637217961822,14.666666666666666
06CAB550-5DBC-4070-AE15-F3C3B4944304,28.920092829981012,16.916666666666668
0DDCF311-4EB9-4C46-8DA7-49A13F023518,26.637877393688832,17.5
0E11F911-3D0A-4D95-B410-3BC8CA785D88,28.84689401663464,15.666666666666666
0F566CA5-E4D9-4373-A5AF-73E67DC4B1F0,27.86386719955805,15.083333333333334
1A2AB3C0-3047-495F-8F90-7FDCE63F3BC4,23.55175374422717,13.5
1AD480DE-4227-4B4C-A43B-034A0B674F80,29.54795588701077,18.083333333333332
1BDF671F-3CED-4BC2-B5A0-21119FD6AC2C,29.008662626060833,16.25
1BFA9587-119B-4B22-9D79-5D3501530156,28.76950738402184,17.833333333333332
1DD7F9A3-93EE-4BC9-B061-D52300936E98,27.729037415450353,16.75
1E98B8C9-4E1D-4D9C-BED1-26FB60C7E4B0,28.46297821179222,14.416666666666666
2BF86B4D-3941-41C2-B685-A87BF2827DE4,28.036633917969702,15.25
2F0FE35A-D628-41D2-8C8B-1C2FBE578855,28.182444961798893,13.083333333333334
3AEB71FD-E02B-4D5A-B3FC-5FCA17C40E8F,28.73620257877941,13.25
3BEE8C40-0207-4C72-9B19-64ACFFAE0A00,28.084257965851346,17.583333333333332
3BF2136F-3FE5-45A9-A6EB-B9C3B2CA6122,27.906603983116774,13.416666666666666
3D5D06DE-348A-4A7B-BA48-0B35C3633C66,28.68713936807001,17.416666666666668
3DC4D0B0-1D2E-4134-8D5A-8A645187E709,27.87253849799983,17.166666666666668
3E2C94C1-E263-44AA-A4A9-3EC553DC1CCF,28.91485944076425,17.666666666666668
3F87FDF3-A20D-4484-A950-31CD93EE18C6,27.087628384962766,15.666666666666666
4B813DD9-D8CA-4367-A5D1-1A3E207F0421,23.976935798236685,14.083333333333334
4BEBAAB3-FCAF-49FD-ADC5-467B140B621A,26.383255026021168,18.0
4DC409C0-FA79-4FD7-82C0-01C090AEFA67,29.123671897122904,15.833333333333334
5A150F0B-7C94-46DC-9C53-F1634B30A73A,27.493670470292386,16.5
5C336983-4DC8-429D-B4EE-A65DA840D3E3,24.121838117384655,15.583333333333334
5C8B32AC-8C24-48EE-AD51-FF0D06E752C6,28.355418993211917,17.25
5DCA13BA-2267-4A44-B52F-E3C1FEB2C13E,28.91620423272911,13.166666666666666
5F1D22F4-B277-431F-A2F8-69ED64576D89,29.09913869790538,17.666666666666668
16C3D3BA-EFE6-4F71-8458-87CF8B7088AA,28.851028143596785,14.333333333333334
28D00F9A-1C72-4D0F-B171-2BC687AE6CC7,27.939155248914766,13.333333333333334
33D506F4-7E2F-467F-AB97-A917CFBA9115,28.596677473047087,13.083333333333334
6D4B0B33-C803-497F-A311-4739FF19FE98,29.440609307874105,15.583333333333334
6EF1A1D0-52A1-4901-98D2-7BB131401AC3,28.89090108565658,16.833333333333332
7B27DCF8-4230-4886-A5E1-40505D967964,27.177834587956216,14.666666666666666
7C59B4DF-C621-4D74-B6E8-5944CD27E2E5,27.736025923497113,13.916666666666666
7CE206C3-FB78-439A-A8F6-7D1CA68970D0,28.19998275396041,16.25
7DFB71DF-7A5E-44AE-9306-6CE17B141BD2,27.9654224031774,16.75
8A74F1C4-D964-479D-90D6-3B35FBF4431A,27.91090076074359,16.416666666666668
8B411E58-AF20-4915-97A5-CC75071A7514,29.436444591587275,16.833333333333332
8BA75FB5-24CD-4066-8CFC-F8516593BFE2,27.740217546348983,13.5
8CC2629D-A752-4F55-B1BD-AD2D94C3720B,28.596305438562865,16.916666666666668
8D1CA706-7366-42A6-A2E9-0930DE31F0E2,28.009735237450823,16.5
8ED08725-21FB-49E0-A074-203755EE0BF3,28.593655632048456,16.666666666666668
8F9D3D4C-75FE-4AD7-BC5A-E8ED458FC386,26.881156085850098,13.166666666666666
9E28BE3F-4DB3-47C0-AE32-E906938D1173,27.956793102313693,13.75
169DF824-0E16-4C13-982A-FAA693A92085,28.28722973650726,15.833333333333334
40E53ED8-064B-48D9-BAB3-EBCCF19C279A,28.947450715083654,17.083333333333332
42C47B64-4D77-4A11-8977-D7F642E400E1,26.227067570659177,15.25
43A10409-9652-43F1-9BED-2CCD68823E50,28.21106465010596,13.75
53D0C557-8DC8-4CDC-A960-4C44DA7000E5,25.650453278775522,15.083333333333334
58B77BFB-D763-40E0-87D3-BF4D591F41E7,23.55044244841932,13.25
62DF2297-2935-4B31-A29F-77873F87FA79,27.747753863244576,13.583333333333334
63F88254-F731-42C9-9447-BB1FF82FD07C,28.040511339108598,13.666666666666666
66D13347-B413-4830-96D7-A4E4B75CA809,28.28146589938003,15.333333333333334
71B1EB16-C6E7-4FF0-A8A3-EF1A7AB7CE9B,28.655294332107346,15.416666666666666
72D2CF57-EF4D-4F44-AE6E-40B59B35BB3B,28.43245564263001,14.416666666666666
75CDE30E-4D02-4C26-9234-8D5D38CF2BA6,28.82648383811332,13.5
81B40585-AFEA-45C2-9DFA-E628B58B29EA,26.507787554410402,13.916666666666666
81F6FE75-7B43-4A27-B9EC-94F7A434CB02,26.629874516120655,15.583333333333334
85D7FD8C-F33C-4C42-89BB-AFD340C417D7,27.33436345427572,13.333333333333334
86DCC53B-6110-45E2-AA47-DDF38566D43F,28.66158029715029,17.75
90BE6A5E-0097-4335-A4F6-5D7ECF755F73,29.4101204393162,17.5
97DAA162-45A6-4B90-8FC9-FA83BF22145D,28.267357756041964,13.916666666666666
99CC00A4-8A6C-41F2-8BC6-FA0C2A8F656F,27.572416431855487,13.333333333333334
