,0,1,2,3,4,5,6,7,8,9,10,11,12,13,14
Istambul-faledev1,-0.3233719506049017,-0.3552803076934802,0.028078858061518677,0.32200997685419747,-0.30426170367236444,0.4146976497488041,-0.060064240756509964,-0.17490090292372107,-0.14197397315203575,-0.08916515731568965,0.18817943134626255,0.12149408941563265,0.0663057403993928,0.12127620084219408,0.18193739548729385
Izmir-35,0.19419592201690414,0.4307013841340107,-0.36064968044406026,0.16885102061337084,0.35132042169002187,-0.37458240200436443,0.3410317184481953,-0.17479896901692416,0.0881339757344955,0.16564113000734873,-0.21822001524910553,0.06743574454589901,0.011217998249868627,0.07615207397684098,-0.04348738647537995
Izmir-134,-0.8155838888753358,0.24355757841128642,0.13326427431473362,-0.014084443258069733,-0.5556312080471574,0.36209873766502215,0.10558295005850035,-0.03147026345961328,-0.2559325636783996,0.06099895393496445,0.17844964942979724,0.021872770162460083,0.08405970463774656,0.0026137424075199462,-0.1162473493465718
Izmir-153,-0.832927019058861,-0.5788745777440409,0.509385137177694,0.3714134091906706,0.18367964403643722,-0.21941955703596353,0.05374766721788932,-0.10435359874265665,0.14638687440464188,0.02107291497093689,-0.16592961749209278,-0.05951280149663419,0.054986495658871704,-0.07489799459893434,-0.10679804880664175
Istambul-falherb1,-0.8888287967465797,0.39821907723804956,-0.6017553843015268,-0.003263604786148072,-0.300640165313335,-0.21771550421771077,-0.20922188368233904,0.011502962284116444,-0.07037898384390279,0.29214222911136134,-0.2648851358274193,0.119886981722062,-0.025917402903361118,-0.11948603495778976,0.136351532038557
Istambul-febuyig1,2.2000914811442516,-1.3576688095352671,0.6792352908584333,-0.1564236507433081,-0.24666777914082305,0.28361570123653707,-0.5381762838303203,0.3623036594888742,-0.03833115506954583,0.09446879858619459,-0.09107872246385995,0.11338162927014449,0.01929411577549656,-0.06259050622737432,-0.1587612690139209
Newcastle-73,0.2540509924843162,0.09669490239614377,-0.3054680741427296,-0.23105087743708969,-0.4161147382132254,-0.789432479130637,-0.3893189024071952,0.08637676269414263,-0.25940428285370326,0.002654285919647839,-0.11008460029915997,0.19843937884872898,-0.029724007866769386,0.060405026160344474,0.09814738036261851
Istambul-pfdum1,2.300043631269356,-1.1290292107702748,-0.37340928736701184,-0.7135798797817191,0.6621842370436635,0.517626941355034,-0.23174413457739884,-0.1310294989665339,-0.2962071955907948,-0.12975371823868798,0.10741807071171273,-0.2209264420484669,0.0411175294654439,0.15151815602131935,-0.0979417338570617
Miltiadous-10,-0.45310965868574,-0.34670784642802616,-0.1060776478568505,0.34551372019120224,0.2938972721999225,-0.11136352161959975,0.07169488263556507,-0.10245006327307256,-0.14171409004753968,-0.007183476584303054,-0.026550631842610046,0.009209984103639438,0.033362197550497505,-0.00700286139240647,-0.13126081297284273
Istambul-falmcek1,-1.3878743921183485,1.4732599877203454,0.29207375107990935,-0.16970883403917325,0.20600472108198203,0.6009350243239648,-0.6129286932744835,0.15418071692709803,0.20962372860075673,-0.39250470218539074,-0.31304125696488866,0.5425375035063947,0.4704872108798477,0.4085782754061157,0.10348963879581285
Miltiadous-1,-1.007273228585668,0.7729758478027657,0.1408507289832554,-0.14243544538467567,0.07020838082206683,0.07079937057295642,-0.26424455766112914,0.10104416078668224,-0.0018246707359141565,-0.08668106409233801,0.0663066559661548,0.03535871276855898,0.19984599979421527,0.10731840750579488,-0.04934164539404973
Istambul-pcaka,-0.27864108693378203,-0.06309638175926495,0.3830986566215674,-0.30819617270346594,0.4562937193510987,0.024688213139235016,0.43631518428631616,-0.08130168275452301,-0.3433411110468946,-0.328090555311077,-0.07877700332458178,-0.09816342841766591,-0.16790394682368903,0.02108392257965655,-0.02199033227831257
BrainLat:CL-sub-30021,0.011050492880704067,1.623091826342031,-0.07094757196332929,-0.04936725560969361,0.08334963235635644,0.224050392944401,-0.1886204356678483,0.14741938159445947,0.018419541545387007,0.056924792501201235,0.1817397534555403,-0.021337430808951195,-0.007192090843811291,-0.12353885331914308,0.011671714217381852
Newcastle-84,-1.2904907004792283,-0.03612477828680683,1.0566378572903021,-0.15524858704549285,0.2230705614665712,-0.3592231558164413,0.16834965936792937,0.07345697562229421,-0.26032412444963404,-0.2167307086504934,0.1504031268581249,0.15488156969952518,0.06767533891954806,-0.08911349121676784,0.04505355005364291
Istambul-falmasi1,0.10355119193003086,-0.06639070002399779,-0.5095527277477777,-0.3265247460572043,0.14124598739056593,-0.48898513503651914,0.053402733092660734,0.11457675793248895,0.05898598824153054,-0.2485326309765999,0.10914077565421577,-0.020873365190903603,-0.07685129019405217,0.09221498421632505,-0.03538449163484299
Izmir-44,1.3754065501805857,0.10805488076937834,-0.5637694815594434,1.160220073610734,-0.49795334522954093,-0.2502273413408159,0.27533652060121455,0.11015111764372675,-0.10698061281152212,0.023249324053236098,0.3132231449539853,-0.13864441361575144,0.0743022475957217,0.19831549283762803,-0.1222361138361629
Izmir-138,1.2041609604836017,-0.31959318209732474,0.7141229515234463,-0.2420369714777909,-0.10344384741865105,0.39722210433153216,-0.08360869083959419,0.10440312532974708,0.11167388253200874,0.044434783595036276,-0.038020907781979134,-0.04435152463740464,-0.0001392134434241649,-0.010005783743776852,0.07026673325743323
Miltiadous-41,-0.6022659737461762,-0.35371867006576757,0.4621458568835742,-0.12456461588905761,-0.0009285198614027023,-0.1277058056523543,-0.005253061733332943,-0.3310461599021914,-0.13266894161885356,-0.18231550008867362,-0.007644875172138624,0.05849582027306275,0.015954876225219215,-0.06791555059882842,-0.1959624904919872
BrainLat:AR-sub-100024,1.8226064040002505,-0.1506506947037877,-0.17930165638904738,-0.055919765402094125,-0.2416687487139775,0.2323511335679562,0.38760580475949663,0.015579556329988108,-0.016835918472608666,-0.09671553628858565,-0.1647493379511817,0.11337090868557063,-0.18453378760846156,-0.20868679334132517,0.01952961228557202
Izmir-26,1.3276061951466773,0.1307663950945356,-0.5219795329327087,-0.7874433543539769,-0.48586378976810884,-0.22216487283220185,-0.41184560426827593,0.3402899401508088,-0.06891690643910672,-0.08221144425261397,-0.05338788662635898,-0.36062186780287914,-0.042285566124484315,0.24034582661509074,0.0875409974838415
Izmir-142,-0.6523670095331686,0.08705851020376211,-0.16678441769093988,-0.32397866189977875,-0.32531951366351164,-0.1033490667746444,0.021936424476074863,-0.018117824483376864,-0.027752425262597503,0.18059172297866757,-0.11270381445082188,-0.044114677614905805,0.05705907934971128,0.05568257242382364,0.0025538251276544578
Miltiadous-37,1.1454516399968797,0.9942234688957553,0.7277594025163641,-0.5176130552670622,-0.17950204523140117,-0.3309874991053143,0.4800026582796735,-0.10239120787183764,0.3604393800371391,-0.055849193920685984,-0.012664829450283303,0.04925133337917463,0.22230119967334985,0.05556409028221346,0.016272288209225147
Istambul-falmozb1,0.9977112332127834,0.1337998205487361,1.479851337912634,0.9580356432492785,-0.8877193320841311,0.24989510637570345,-0.477920960869708,0.26979553069608964,-0.12284954866975027,-0.35454248867763083,-0.015935716471564,-0.3196724399673396,-0.22783254505449685,0.238640953673542,-0.07996270084469755
Istambul-falserg1,-0.05034374460183296,0.9940253307430418,0.7820495607776866,-0.11098835230281211,0.09647697715829892,0.2395889457545075,0.03273410244591196,0.14018483599606027,-0.01237858989829909,-0.09879390843224813,0.15593509365968833,0.20795817746898762,0.039116532817114996,-0.18436713682051784,-0.03485737242213305
Izmir-31,0.24819742469919873,1.0382123867483426,-0.15102203651736373,0.2891562049840152,0.3988464521568275,0.2581405809381913,-0.24971661523953026,0.11525546157081876,0.14769854290289033,-0.21766949923962003,-0.3172301613486569,0.21516682730713022,0.0862787152094702,-0.004740865178622829,0.016098863834680142
Miltiadous-58,1.0705708943479877,-0.8178507672397318,-0.180345029054465,-0.1375483707109443,-0.08855010678652436,-0.40925741535219007,-0.1532819428476168,-0.21440386298884243,0.00025211736430383607,-0.1065130792364421,0.06508749146285478,0.09268115957637424,-0.06472743910197136,-0.014543071673014137,0.1263813518883087
Newcastle-68,-0.4580804073820735,0.045182540971005616,0.4881164912230524,0.17408856613469803,0.1837238823515512,-0.12427395117691811,-0.06341236757068774,-0.2842294265288261,-0.1262532781189934,-0.07687341661780597,-0.060711443207376405,0.13002989476288387,0.0324706549475834,-0.09281544302110774,-0.052054074204315536
Miltiadous-7,-0.9102945254077388,0.9820606772032812,0.38123428467891235,-0.0807183030222026,0.20923178946589738,0.12945525875233183,-0.191604041731552,0.12161691594337314,0.0739491826766832,-0.15151087561290083,-0.004427072846742304,0.060558529280970365,0.017476344212645514,0.07401092055380912,0.07209172506842468
Izmir-24,-0.160428973513577,1.5709787891738423,-0.5948286557958292,-0.3715832705169808,0.2030279476829661,0.4157470257218058,-0.47423561424235644,0.3565773852920953,0.08618397937609203,-0.15657244844402704,-0.27417628061408406,0.08646468779524051,0.06058940468198869,0.020340615473143336,-0.13751298318299568
Istambul-frekakt1,1.0293366875232954,-0.9597035009453774,0.19772664104710738,-0.08862293267262146,0.05853354240931422,0.004577880728594076,-0.30014023847351445,-0.26524790830127165,-0.15329487757131782,0.14043586311828157,-0.15376035811343003,-0.03870380671117919,-0.015073467973030052,0.11581967387546058,-0.008851400725369463
Istambul-pcgul1,0.35654011510667116,0.7006743236491733,-0.6944731361982005,0.20394708313769044,-0.12033521739132773,0.3416866804213712,-0.21636221944239073,0.06534500803290896,-0.08440883286522405,-0.03885329500678872,0.03416869296257475,-0.17178387899110434,0.06375814296970253,-0.14398807499320668,0.07978293307394943
Newcastle-102,-0.6874050796843264,0.27555143692033557,0.3128137627940941,-0.4036366137699786,0.2400554558961968,-0.24471372910656525,-0.10174760527162086,-0.07732015230367065,0.1978731493029919,0.13182659254805576,-0.12681375295101058,-0.18415167587861528,0.037405350937025,0.01424567266480866,0.0877410116830702
Newcastle-54,-1.198433875237557,-0.3934336757484399,-0.02578954796591587,0.20882114793011639,0.018923465432015743,0.030961166681962866,-0.10007931852970657,0.35991749622390956,-0.06161921936837211,-0.15028726593088307,-0.25288191741019933,-0.004757142701062624,0.17805848657836212,0.2271133332978676,-0.03842285549752722
BrainLat:AR-sub-30012,-0.5274164931933584,-0.6341829666404349,0.22653978201284508,0.6197270851531971,-0.13715614759429853,-0.011697215667749394,-0.23777842303011237,-0.23824116031987788,-0.2631877766461332,0.1778888814417621,-0.12057994017363294,0.09700937079027892,-0.0016405104180516974,-0.04208937973747799,0.0190085617209257
Istambul-pssen1,0.4625400236965062,-0.07233268261811364,0.378716598640209,0.04069341639187994,-0.04405633993929112,-0.5406392542427357,-0.22828257612913608,0.22443673176653872,-0.13906516227267995,-0.13613635263795662,-0.09961352031449568,0.1347721765163793,-0.2111324276924906,0.06503732046226629,-0.053623428183406534
Newcastle-100,0.9022127431361097,0.2814975181299054,0.1708447092765681,0.17759173463175593,0.2031981303725055,0.1784714882825282,0.5426478628559093,-0.02518610417067268,0.09406180810328568,-0.06194623252595366,0.07952148399477862,0.17904228112185522,0.04952372877694422,-0.21254248529585373,0.09548684194001664
Miltiadous-11,-0.03013622146228331,0.6997518689215011,-0.6358949902726233,0.026651341431396174,0.7044465073311291,0.1669447853148131,0.3375593292940874,-0.01692102880485461,0.10734720733296145,0.19021324455622526,0.09718123357549449,-0.06472133421589465,-0.15790629189325456,-0.11785397761196663,0.015362837639234487
Izmir-124,-0.31573399734605706,-0.510188428952071,0.35886852628113636,-0.09321949305377708,0.05895100267477193,0.07901853217023146,-0.03782420374391947,0.029269674172806234,-0.060620338391151996,0.08502710930356103,-0.1038950268284679,0.028129155129338872,0.08450185913723395,-0.1384090926785624,0.10371273753797615
Miltiadous-29,-1.029914992960098,0.9273465180818631,-0.05405068766727181,-0.08644973320026175,-0.04610457292188978,0.293599134531817,-0.4254304486346507,0.08293350373436971,0.08023814910825301,-0.12883240534929852,-0.125949586312988,0.11132656296273455,0.18214352272496478,0.23366969541815932,0.06256691251992781
Istambul-psgul1,0.63952143976887,-0.1785322693505546,0.12277982952172896,0.35356868225590804,-0.1831536405652788,-0.15822783661283868,0.10227872142659945,-0.17997199326912278,-0.2864017780495607,-0.10782861200643343,-0.18332326136142915,0.2623350048101794,0.06443620881606932,0.1236204854800302,-0.037148618503374475
BrainLat:AR-sub-30015,-0.7041488580685857,-0.5786200804942778,0.0014907196674408066,-0.007065233380160957,-0.26410684405254264,0.090097101700862,-0.006869998351065199,0.01490062979590972,0.05605255981924396,0.02877606766320473,-0.14365031452896415,-0.10901677669141323,-0.0662655952447671,-0.044356961979514685,-0.10425541590279695
Istambul-falzbil1,0.8428129161945955,0.7490668886334777,-0.22720621277997108,-0.492043582224859,0.02329271664996239,0.11129192204208394,0.04953101045437323,-0.017652447257875778,0.0019286491700754118,-0.1552155907865815,0.14024213017614962,-0.08802344873624,0.18119936192634342,-0.061376695778604176,0.048348051818699646
Istambul-fmcimtas1,-0.3456986310574551,0.2710567717888296,0.46023107880840747,-0.16218182110254808,0.7146477647283247,-0.8648564124713592,0.6787484484236448,0.1678450658899854,-0.16538335388998332,-0.23678536746099904,0.17176722918191706,0.13482911815698734,0.15658521229113387,-0.02027980160406637,0.00027945170298530983
Newcastle-70,-0.9458015366351744,-1.47736106006852,-0.6224158325688732,0.5863185470460777,0.20768344107701014,-0.24629559580137747,-0.16778681308505056,-0.1372710131468297,0.29587918379279743,-0.11480374643970634,0.1857228929653563,0.011823224973121344,-0.006408720130991538,0.05815584837739824,0.03874312316929886
Istambul-falyedi1,-1.320932719053235,-0.4063607514052915,0.45473430449318863,0.11756593659660429,0.10457116853284254,-0.0031756586733957147,0.002895471355845214,0.06673097775768701,-0.347554459901937,0.07018054939107062,-0.11098960105717696,0.01339340983997507,-0.05584493015691456,-0.06554259999340324,-0.048365611659504856
BrainLat:CL-sub-30003,-0.9477213237349338,-1.4582027102341686,-0.15052229344976925,0.44267700936634746,0.33644454811674995,-0.08667987758368409,-0.13948116845223132,-0.059054946192126936,0.14387181664100965,-0.1822947563114516,0.13902481756443794,-0.042428207184135674,0.022861793891279642,-0.003501643836014826,0.02616415366879043
BrainLat:AR-sub-30004,-0.7238027531324778,0.5556991032278964,0.24676731395310145,-0.06581978904313979,-0.726383179283908,0.08064986687036407,0.04839863188862326,0.05252127684721946,-0.07824590216947684,0.0030163924159442522,0.13958530084044152,-0.007334389259598323,-0.005332186314797754,0.09274979328015107,-0.19524569601691577
Newcastle-104,-1.4737157149456335,-1.1252084754714315,-0.1245719209856309,0.2767893975341283,-0.06213982410203745,0.19778141174741376,0.12395135911513648,0.08620385132046728,0.034665772353655665,-0.07293222178218448,0.0989864031559526,0.07242322501430434,-0.09290397577206336,-0.028500904622730826,-0.013229636878371129
Izmir-52,-0.4248151892332381,-0.34419787102827876,0.5285746503090386,-0.015602815283291773,-0.06940272931535973,-0.14943192780563028,-0.12533616677732642,-0.2389657369302993,-0.14181415709233758,0.23761820245297166,-0.03649294587156423,0.190885683560753,0.014019931816490005,-0.19495325261620697,0.09520286735093877
Miltiadous-3,2.0742996014349826,1.0566280353184405,0.566966390025929,-0.5226622478024722,0.057360005261076145,-0.2352189968795451,-0.21129264897315275,0.253337057881671,0.20006330057838975,-0.18535561123744929,0.057283766538757504,0.044240082818683295,0.012874074957074865,0.09979106303808302,0.07258836689940822
Miltiadous-63,0.12129856189729973,-0.5784242931936445,-0.0038677159834815894,-0.1314876869707969,0.4816597042458565,0.026961961152019293,-0.12540465342368268,-0.36848160172890926,-0.08685501607814505,-0.06696465946627395,-0.02707311278199836,-0.051197159870370094,0.0495131324266065,-0.05427551910096735,-0.09246151143143413
Istambul-falgdon1,-1.0038717660803778,0.6726735371059344,-0.3044728573775833,-0.11987654702245326,-0.2310104886056771,-0.15247566377888214,0.026527589782496686,0.06957482799737791,0.16558648849941948,0.006511714201031363,-0.2177393307936204,-0.1496553994544336,-0.03434594067666994,-0.10530853212954289,0.07792931179115682
Istambul-phber1,-1.34576188042413,0.34693347160578875,0.42777556841930475,-0.3724296609796307,-0.08206206860683987,0.022308694820877106,0.004119601628845934,-0.1552237660203443,0.01298635673914688,-0.03824578437089445,0.1803832754736168,-0.02222862167926307,-0.14156089921429135,0.10404738575185526,-0.0713570247761996
Izmir-116,-0.3765361268648295,-0.8064699024325757,-0.3552657200179138,0.2444099299577271,-0.22317910082362927,-0.4429442160220143,-0.15585536508888037,0.059504534787285485,0.181997085949382,-0.03279919797136775,-0.05954855241852237,0.15340413041342127,-0.050795565138702446,-0.044415156349771855,-0.06894161784435329
Izmir-143,-0.5535128118399617,-0.7432145212431376,0.12370944252110197,-0.3366056409188072,-0.04927475987840228,0.058404852614280064,-0.004620506066978492,0.2138034198873357,-0.1298014630993523,-0.0872839476209062,-0.02949439562199696,-0.14306114239421286,-0.023029159156863762,0.003963751401919783,0.021784917935765907
Miltiadous-39,1.859255473078801,-0.13250026900981762,0.4600676901530348,0.06372812569597183,-0.5648748836021315,-0.028256569987438373,0.24169609458074703,0.02808360003045093,0.14501038493157603,-0.03873444565055848,-0.15663559884284278,0.05252741409680319,-0.10525665128254437,0.01100679373099662,-0.11231916995362115
Miltiadous-24,0.019279383937117915,2.176283052988188,-0.46304535816127157,0.35815536211343185,-0.005605820575083364,0.13102917391223223,-0.1434810437512248,0.09470202728035391,-0.05860720530573739,-0.09261368677535187,0.10401988163978795,-0.05723852285467065,0.1653853519053712,-0.10324025771514231,0.047576272308279814
Izmir-41,-0.3436274708647104,-0.45761753356215634,-0.794480296603733,0.09579887843296514,0.237468879536187,-0.14073148277576555,0.5646010973480372,-0.02602095717986803,0.04298232895017637,-0.09037695926902194,-0.06137000425590779,-0.03937341214409237,0.00042918937428713103,0.1411010556206657,-0.11206518743667726
Izmir-152,-0.000775201275507536,-0.3993897697008596,-0.22316757495356312,-0.2676194915093871,-0.028959694878936265,-0.06545328301205137,-0.1246909757026641,-0.19929799822742633,-0.0991714300046135,0.007907616563557875,0.00257716300966122,-0.03356613719935667,0.0927216436946352,-0.03270381359432115,-0.0147587010932518
Istambul-falcehl1,0.23424057625669054,0.5640957842879035,0.49536697221947285,-0.17232292818714381,0.235993460026142,-0.22572341017675002,0.05142607120239063,-0.10674860520925221,-0.13607164669549895,-0.2573120670724557,0.14550726798716246,0.059518796587252176,-0.003099518907641737,-0.12210076883190231,0.04304086499800424
Miltiadous-30,-1.1697844043201866,1.3574572981587827,0.2556743008269381,-0.583755582182613,-0.5777341613051498,0.3899480338266374,0.48390358428894864,-0.16772760050372645,-0.0020965168470626966,-0.028448007200890017,0.07036185208946354,-0.006622140000460794,-0.009052148785679252,-0.02208981525243911,-0.06112985474197113
Miltiadous-22,-0.9435826463607969,-0.08188817061529845,0.20640512603813244,0.16086277855250045,0.3677904391298517,0.10852923889755695,-0.000697546912199868,0.12365807653711523,0.04652023109148478,-0.18535251434928318,0.03313123676858198,0.06786795539509524,-0.07725893678402439,0.03099632345581268,0.05587325620161291
Istambul-pmyel11,1.322846417482063,0.6390539351004992,-0.09586083819714339,1.0179144011402115,-0.4672730112197331,0.16128392895410237,0.43905430783570776,0.36844993855531316,0.02474101894551878,0.298221771156856,0.25457337346516257,-0.007461172864957619,0.05977558661155976,0.02679597126823851,-0.09394696685367847
Izmir-22,-1.3579396479171137,-0.6509423444099155,0.1551680100180282,0.30177161384834744,0.1087411265432663,-0.15639115146462193,-0.1558138875016322,-0.2252324372659987,0.05873463564969851,0.035264411467355684,-0.10348083771821082,0.0029065267336820127,0.04447852966543059,0.008208088037581088,-0.0732735373277463
Miltiadous-61,-0.7328571065243843,-0.4256500195164688,-0.20014031935909263,-0.3054434294686994,-0.10208592696299468,0.4918313175357732,0.4533438793681464,0.10017627345362974,-0.14773472657980066,-0.01849032721018117,-0.06366804355032864,0.024404221025548647,-0.06181944394720475,-0.02647280362100855,0.0342356700631284
Istambul-faltkar1,-1.1325953137162454,0.5143132142581606,0.4811630188030864,0.14195541234347892,0.21761127872532438,-0.018131124191450187,-0.1712372729522877,0.21572682570593954,-0.15746269124384335,0.20303017749278882,0.06985924767046507,-0.14837192473091887,0.20388294642262758,-0.1012992276380079,0.07887512446618557
BrainLat:AR-sub-100026,0.5544947974737467,0.3590019219190212,-0.3430552785856227,-0.34302776688474074,0.0906946422876148,-0.24085046258255413,0.036872178464153825,-0.09311996797971873,0.12438125493209314,0.190170441747039,-0.11721266715753109,-0.2094988569090409,0.14682232082398075,0.10657641902921053,-0.04561134766956241
Izmir-155,-0.2764883727761149,-0.48847071283036136,0.4060708308489419,-0.1487786526099252,0.055021383862349324,-0.03759820932928969,-0.10313653439048336,-0.1397445468664896,-0.31504535072977435,0.05085892600337948,0.10284003456143563,-0.07613922526633463,-0.09385802475227899,0.009503831233928376,0.09613856884580035
Izmir-123,0.38223190848407124,0.5074787911115394,-0.3553033664036621,0.22201078895301385,0.46665754834295314,-0.37160205980306926,0.3263811084355952,-0.15583307600059804,0.0021955784260027983,0.20596623257267277,-0.24595407706236513,0.03879612948038685,0.028167691721061715,0.0710296871080965,-0.08776669128351872
BrainLat:CL-sub-100043,-0.22150185515318202,-0.5666405900343653,0.03828256751305752,0.07191102414927983,-0.19922859856601147,0.09096875612367479,-0.14406091726368528,-0.3052508286605425,-0.21039871855999717,0.28438046957832785,-0.035990458085786985,0.2232724161347782,-0.0751978715571084,-0.1189252446469702,0.13596123125952234
Miltiadous-14,-1.7070860513455606,-0.7741420584320342,-0.16528230369626787,0.27026456655981385,-0.22353320317538528,0.3429623849790232,0.12147310382383546,0.071999493115645,0.009133710960029719,-0.10125033971364292,0.19638717695280988,0.11127157998789643,-0.08465389010273468,0.04206407627087911,0.24184016805828992
Newcastle-80,0.09592635748347535,0.7269076318371521,-0.08628067456517513,-0.12543101653774638,-0.47213967505160254,-0.32483356602536817,-0.07054067594483919,0.11848545467401747,-0.3583373685422894,-0.3063454784165825,0.06808129573249541,0.19911203257988963,0.10643551761877441,0.12955335531609607,-0.05246527410702103
Izmir-133,-0.17374349983264725,-0.6184970782941756,-0.17804787230911456,-0.45228675916612227,-0.22060370567828702,0.36236201893213865,-0.08717365362180203,0.06853126968218408,-0.1928268494353099,0.058706747186375516,-0.1630244606526064,-0.10902243438515749,0.005504160415708979,0.0009343039066527042,0.07075854964567753
Newcastle-108,1.07352924379146,0.863980521239504,-1.0636509905676972,0.40184970955289234,-0.4479325449683691,-0.6228815758696906,-0.17708667956569218,0.0779545976760476,-0.15656893801255867,0.0726218387897646,0.08509503471255812,0.10158485939253187,0.029612057911935462,-0.054002894415515076,0.08397644752016707
Izmir-39,3.0219559668376124,-0.3608150062892824,-0.45466024222313794,-0.8487466728229319,0.22414752018426984,0.4733085893605186,0.1165348437133732,-0.15843360743534785,-0.40859299196090987,-0.12642181287016402,0.4280034730614521,-0.05721423717339182,0.18886678910577495,-0.010428610764319592,-0.17147872414311788
Istambul-falnpos1,-0.8208042617305036,0.7625466241120512,0.05147202072570606,0.06100438083596013,-0.15183998277505273,-0.4707696619612098,-0.30145355413417035,-0.07714427671314161,0.2173839132899808,-0.17654604081721798,-0.19240846753781018,-0.22312152846425848,-0.11306639991364138,0.07717501937217726,0.07970303056238962
Istambul-falrakk1,-0.378237537778304,1.278020869574389,-0.7143310916920439,-0.22502283619993335,0.06385580280029511,-0.20008849153547004,0.20042820171189815,0.023232571941652267,0.2389539494201561,0.22993786020208087,-0.2329626448171765,-0.3642374928120508,0.027700667459631075,-0.15167638364791208,0.012223150368559005
Miltiadous-56,1.9054053562635522,-0.20585894464413837,0.08782181188564996,-0.18546266218089494,-0.4439756258779145,-0.13834669460090865,0.15506882802139346,0.2619275201161662,0.010228648343519685,-0.05969818869961122,-0.03744444956196626,0.15649909938386744,-0.0944275375178843,-0.04506975272905996,-0.040514225195170186
Izmir-150,1.3809464269028207,-0.3200588433998909,-0.28951738407467303,-0.4748667546950488,0.12381543887062034,0.25184651673917435,-0.13985984948263183,0.013071806554728027,-0.3270562656106782,0.038635527839398866,0.22903935395092903,-0.068888834024671,0.0771185247625216,-0.012886649185183749,0.06656824567556904
Istambul-psyil1,0.25189196065900316,-0.4178222762647187,-0.6577503948575019,-0.29769974427216167,-0.12985256330695366,-0.44646275101867067,-0.05030081661616355,0.21371904451159224,-0.06727760248375093,-0.06158017348993035,-0.2217221894102608,-0.017109260876140925,-0.010088193593784812,0.04209815344020932,0.03826479858559948
Istambul-fesbek1,-0.11993657444734925,-0.020093742230910244,-0.6118783597147974,-0.25628794202970656,-0.3263991604883215,-0.09707370868830077,-0.1512582251066056,-0.2668114834583769,-0.282094165657796,0.4620471382033449,0.03964485191657064,0.08765555583856736,0.02976316882316406,0.03474867218932927,0.1231129396993278
BrainLat:AR-sub-30026,0.3676794105745419,0.10077533099706494,-0.4554439117746592,-0.11696028892779768,-0.4132789413440535,-0.16666898577814762,0.33857458800915147,0.28692106741856244,-0.02384061110378257,-0.07649626175404214,0.08235439113512366,0.043457406424299454,-0.3452893738527032,0.04561209619684814,-0.017835283349497702
BrainLat:AR-sub-30001,-0.5032606366335381,-0.13108036731617917,-0.02989444565069415,0.48699503746253736,-0.05173730058172451,0.24946518083425698,-0.030255598711524244,-0.1325906948861098,0.09770771215599237,0.019027762567004294,0.12537300411413507,0.09196510121140467,-0.025722646519419624,-0.062514144183403,-0.04407873547800725
Izmir-94,-0.9558471670547032,-0.6015171857395688,0.013929304746551666,0.43063314339941217,0.17789130783297505,-0.08343153413688248,0.0019528683215485176,-0.13795444717545935,0.01416390878194392,0.064004736276037,0.06242642028694206,-0.035653601651372026,0.05725880018019646,0.09839517834789846,-0.15670372340783584
Newcastle-57,-0.4396463580073873,0.3999949981607217,-0.3290947303842628,-0.034984136272669934,-0.02511181419086473,-0.3688177570264512,0.18746537116379014,0.07116624447857112,0.17953747435766762,-0.15124202184664318,0.06631321570989845,-0.07325283985575183,0.10922818712637605,-0.14026959949251264,-0.04071000474645549
Istambul-pisog1,1.0247211201167072,-0.20855250813325601,0.043874694209717874,-0.09091536243814465,0.05643238232161279,0.16329878236808856,-0.3768042024884605,0.0006376200304777631,-0.1645964494818174,0.3646431928218222,0.04798367515402136,0.033075956503604696,0.025267931306659747,0.23079640543597962,0.017313428623735437
Miltiadous-31,1.1276266891609352,0.32166752196475995,0.06055225496344994,-0.26861697996757333,0.11773100945181608,0.03285222865966092,0.0513398660539027,0.0019358235045266031,-0.056400215760989525,-0.02473864011671386,0.027283843957813282,-0.08548773185161818,0.14592723840637947,0.06406552111395508,0.015598974206705255
Istambul-fpdemryal1,-0.5855022898027953,0.25543802092365375,0.9889649670127374,-0.2633930599620523,-0.16566678282678174,-0.15613097445182048,0.28130073871457684,-0.027273083536968355,-0.12538418707619292,-0.2891168216706255,0.001377626383047131,-0.13208837097520676,-0.06831146674506072,-0.02840854549168983,-0.10953820875266738
BrainLat:AR-sub-10009,0.2381798186741343,-0.5513176832461839,-0.061633208331943204,0.17013156482139535,-0.04094810675890688,-0.06653942879685576,-0.004139113692913409,-0.3325332825691442,-0.11620703165205905,0.28109378451846107,-0.14266098131293253,0.11017039767074112,-0.08362957393770486,-0.09187132931383987,0.13850384148193035
Izmir-42,-0.6703590814769737,-0.4418609170515622,-0.1058827513797138,-0.5658103709777174,-0.4202895774595536,0.09982749271024226,0.2582747673069241,0.4186272394321359,-0.06672368016053862,0.09610535401252795,-0.15698400864720433,-0.0016711227695065743,-0.17979956259434252,0.021903081189847348,0.1073825421124984
BrainLat:AR-sub-100018,0.19022090584771184,-0.31524055354288477,-0.3007931597858157,-0.06562212068443372,0.5479308270717305,0.14989661322360745,-0.11931764405375561,0.16705198744736474,-0.13333392565014354,0.06283515634896233,-0.16097556812980846,0.2530479806637525,0.07868204146607675,0.025202130764427268,-0.04705085310161489
Istambul-pnakt1,-0.7345967787065553,0.2918761855713383,0.5191076858447294,-0.17604246236305213,0.5661003084924979,0.05355621069142126,-0.1314369076903327,-0.04171543558649083,-0.06215254826364805,0.2678381635606414,0.11430221261107439,0.058780936050842496,-0.005613844424515701,-0.1194449009300486,-0.06314119595325288
Izmir-36,0.6673003376714348,0.44215095277197636,-0.021677090119874638,0.47751422574383495,1.2146114750313735,0.23350660215458763,0.8628303636377156,-0.2831929322325919,0.2136902403860568,-0.19250983228213442,0.0014945718462284492,0.302641494259758,-0.11202990204513479,0.0905808077715436,0.02255743446413147
Miltiadous-9,-0.4019182841622025,0.8263158288959676,-0.020249121011996253,0.025693856499670046,-0.6909595094342391,0.2735226270301558,0.049616080433798226,-0.25486210347970206,0.09340705694395139,0.04255441126692595,0.026194885326531324,-0.11464633669163095,0.0579374214451398,-0.010831158755703719,-0.054623382253360456
Izmir-154,0.2930499760186702,0.8549273483010096,0.3269925886451343,-0.10870599180205288,-0.06370111552357005,-0.4371451737786647,-0.13429209826322402,-0.05057762020964287,-0.254382862339113,0.05789275808095153,0.14476738697273178,-0.09044555879953416,-0.22296598477293259,0.2779676499835778,-0.1298374474415591
Miltiadous-43,-1.3228320693071423,-0.42054117211553377,0.23637924190670329,0.03062573889957188,0.41221316319272205,-0.12447996284207241,0.16005408065435842,0.2999786841505104,-0.1212955717089403,0.038146158445178026,-0.1015526588853568,-0.12685046238620423,0.035503870463816686,-0.006803038808186973,-0.051546851600040425
Miltiadous-40,0.3793397716927413,-0.25808866412247633,0.34517117518187795,-0.5062019974066357,-0.024598674018667093,0.07619860255320769,0.12905493151675984,0.1924792385448556,0.20787966961840743,0.1611144404375391,-0.09648938856753717,-0.034380160628247475,-0.016630549350199714,-0.08432130804697115,0.08121569975203417
Miltiadous-20,-1.560051789347242,-0.7266530015733648,-0.14748402175308428,0.2349646612168249,0.034414916523985546,0.23950959240379535,0.08208302816647088,0.40035066090433197,-0.11551688640532595,-0.07941555908053519,-0.1729748808151441,-0.09448690330214043,0.0024155004730217313,0.023430439661364877,0.018423783115494127
Newcastle-96,-0.5668184907217546,0.08928312647475316,-0.8450100226663063,-0.1203622408825393,-0.10093089855682051,0.10326624341000325,0.3258277985866505,0.0730384615024888,0.2851908168229031,-0.0438933110658422,-0.14334469516953846,0.013053329811355749,-0.36062478124422237,-0.1029649443884023,-0.05071718364134155
Izmir-21,0.6773396744716925,0.1822142898078762,0.08704550705899523,0.7097886886931188,0.46169953709531025,0.02157134415313837,-0.13502147657457733,-0.12382459306441503,-0.0602042440943333,-0.011125612520456565,-0.09091694502313394,0.034501312179428985,-0.21634034558789353,-0.0417679351339951,-0.10301550033198702
Newcastle-78,2.872119389301902,-0.29901905242981586,0.1324552764156378,0.23552233816658674,0.11681697015101061,0.4864299436979671,0.09666466878362483,-0.5669442761344048,-0.07696370252578356,0.17642690498341884,-0.17234898961991058,-0.3836877897193091,-0.10192179596218585,0.23264373068731425,0.14268542602422687
Istambul-falames1,0.6191123093230305,0.33414600210075673,0.05289980933639826,-0.746173515647277,0.373547367789796,-0.32881218838546844,0.043409364611344356,0.25681926537739364,0.1256656434745296,-0.0959434179138787,0.2356942726260915,0.027184977344660324,0.14598376077716335,-0.24507124399984134,0.03059232477921447
Izmir-140,-0.5777613646610168,-0.4237952907357623,0.4973443124811655,0.37614945936310784,-0.2043577924629172,0.06234526814939184,-0.11400139447191189,-0.1793060307108569,-0.42068593431830886,0.30072790099235286,-0.15346639050168498,-0.02838676146904527,-0.04128871583832758,-0.0025460432484004907,0.1432108399933799
Izmir-146,0.21084307001907185,-0.9420807741206735,0.04696160837505866,-0.2107910942211715,-0.05417804487979146,-0.22182143256114695,-0.09575220410984842,0.3074059104403229,0.030168601773290376,-0.13559078755804213,-0.0832810212067328,-0.003945863276935804,0.03979481155851135,-0.13091253260868577,-0.1885905598679595
Izmir-131,2.9487378261039177,1.122724814257648,0.21267930747403016,0.20150636174733733,0.2947964601633689,-0.15409987168726771,0.34066375731905263,-0.09688149917517862,0.16321387762844614,-0.08988245714124307,-0.03697135305928438,-0.2873384628951575,-0.18227161487510687,0.11087562602807909,0.3058082440679345
Izmir-145,-0.21715950480343596,-0.3343525426518012,-0.7537268076684108,0.0626869886783362,-0.5360588773674031,-0.07872784389239408,-0.147677954597911,0.13159706100126944,-0.1750584248168051,0.10002876316780701,0.3218621541521644,0.0007559989255635719,0.12765156381306195,-0.07573100535601777,-0.050089129201528505
Izmir-50,2.0507296440700236,0.8847300666645455,-1.0798425359309312,1.0341351380254922,0.052449237745913486,-0.21510173694816925,0.3319602588045195,-0.007507688453147597,-0.5013530755109757,0.00866137315090013,0.12512325458004914,-0.21910473157603502,0.100836114044105,-0.047787836936724525,0.023625395671214536
Newcastle-106,-0.9897110586664833,-0.45764296081784195,-0.22086581126589527,0.27858764254212703,-0.027545609625399172,0.0678685788899795,-0.005278876489905667,0.33420996288927324,-0.19748961004965285,-0.02624796924653489,-0.1835125481884741,-0.03951775773354572,0.03513393243946922,-0.008390989159596862,-0.01863794279976187
Istambul-falmdem1,-0.8243403239410056,1.3294627379949544,-0.05281747028010164,0.3557031322006877,-0.38089130976276714,-0.25007982338630536,-0.030913719850273576,-0.03252462332765473,0.2900261981029294,-0.14603079906222913,-0.21934903393473357,-0.3535349664461415,-0.030809795975454694,-0.2178775006083835,0.07853841141779373
Miltiadous-35,-1.082903413742955,0.8395181177921444,-0.37171535790137605,-0.025200855067063987,-0.4184819902408955,-0.016481054286874755,0.3288521726790937,0.17932211385031865,-0.11208595762517196,0.08228814557790053,0.04646589573983809,-0.2613802013687567,0.05493983663327256,-0.17439864419158302,-0.14533565737264123
BrainLat:AR-sub-10006,0.941666180458122,0.27896686107501906,-0.34345186512342285,-0.1336627596881651,0.1926748368152357,0.18527485306422292,-0.23837961373426236,-0.03004289866931687,0.021626201842862285,0.0038740690343142285,0.07425058452815854,0.12070309910286793,-0.1852687675324836,-0.008192535400101605,-0.08322247706338777
Izmir-119,2.2417834457739705,-0.9304375070809648,0.08025304244234818,0.29078355519271215,0.032772701489889776,0.25465944088302045,-0.03804459645932933,-0.192139586818769,0.47868533979548766,-0.18136736466624587,0.008895160121065056,-0.1189455073853806,-0.04315542622138413,0.030853634739570954,-0.028148836643278625
Miltiadous-44,1.1064246333715504,0.3028965518148847,-0.2698078527279478,0.828909707191864,-0.3638249873533846,-0.035442462098602356,0.42711820656712274,0.2707019291712028,-0.3824991588194782,0.11958255260075798,0.19997196084962063,-0.1289979553745435,0.3194357439166436,-0.06649650391156105,-0.12674998815407817
Izmir-33,-0.3787747003816058,-0.5952906641906698,-0.0387957726205301,0.6171519091603034,-0.2836403483573652,-0.02291460404506723,-0.1734776979588563,-0.16331966388966024,-0.06758412978407687,0.2318072265396432,0.025454203239434415,0.15461402791208478,0.030028466053367873,-0.07262786747962094,0.07264487971456692
Newcastle-101,-1.3684718542697192,-0.6390803748529298,0.5330670443030284,0.125677428604761,0.23374205697995618,-0.13375390716477467,0.20352512569301695,0.4026812324239055,-0.2623524823932841,-0.1284322960145682,-0.15417456285787245,-0.1754577528124501,-0.00019024488339551424,-0.05374058889739168,0.0030155573845691945
Istambul-phbic1,1.0163404131615317,-0.502719957495118,0.11492751459686416,0.8316496099221985,0.254343447962231,0.21307512496328496,0.6229063197200924,-0.2666594869158314,-0.039162389348590135,0.3373070374287401,0.09847666424367892,0.0853928434485197,0.24167660430766977,0.1649170706044126,-0.08919679563382518
BrainLat:AR-sub-100035,-0.45240351236987403,1.4433552399925649,-0.16271825076743462,-0.3929675437516634,-0.415970999139349,-0.21918450005661821,0.38007673480547655,0.045927483223392185,0.04156699804843616,-0.0877114403620801,-0.10580642363086917,-0.005118235094726007,-0.003610230785019989,0.11378636576887244,0.0005418170315160041
Izmir-18,0.8267364441253895,1.7621274097999633,-0.5479271799630375,0.460686358099807,1.4727061227471725,0.2982859763943534,-0.6270577636368616,0.3345427909339259,0.2813293117766825,-0.18156353944275389,-0.17814638325037419,0.1366578620199422,-0.46026162758110173,-0.040380249318768414,0.04423259472129325
Miltiadous-19,-1.1822701066698702,-1.4623485135491727,-0.285485963521474,0.41487185915906605,0.2541173514685278,0.030079328234361758,-0.05357102500948873,-0.041436885778757156,0.10985357891542628,-0.10083803327352191,0.12367462800548486,-0.07229186687426425,0.06504388831447835,0.028504317503129293,-0.1382186534847154
Izmir-47,-0.8110600471563592,0.20588985927151143,0.3411020064222451,-0.2744934766698336,-0.12945071169653208,-0.4493590058144592,0.06346833419317173,-0.39441606354917697,0.24926282291364507,0.2581617809374449,0.04733403787549519,-0.1308895929120041,0.028213256839921638,0.013889653250191007,-0.03687918741224922
Izmir-89,-0.3300311991775856,-0.32939285624176057,-0.009625622099140519,0.27878486684299386,-0.05758020725462582,-0.11387785577004968,-0.015731716670127793,-0.1496963394781432,-0.18396488638728012,0.015770355547390365,-0.17364062493557358,0.12819451132324938,0.02233180568378718,-0.0722065975351379,0.034294399534562675
Izmir-156,1.323547402477256,-0.11031834114067196,0.9497571809709248,0.31307944882840627,0.1766207359155635,-0.04774188440926097,0.25987555175919536,0.1980023657262235,0.09824631273388826,-0.11950409610913536,-0.15781116298870682,0.014862075224635377,-0.013367709818510688,-0.01158662884061272,0.03401949684851319
Miltiadous-21,-0.9703358004613434,-0.09366544705520016,-0.17402301466235956,0.08681140469928308,-0.21232017651768303,-0.25913295149729065,-0.17858387944654625,-0.026803361702513365,0.1281794703102448,0.14009314291467928,0.2156511303437507,-0.011212005507095736,0.16141183784327126,0.060861852785675054,-0.0004313631821741499
Izmir-139,-0.6430938780256104,0.2760298940473605,-0.48318033613538175,0.4929296434966873,0.5685097572417912,0.09782020120269187,-0.03978405374058993,0.20465355646180972,0.00267867222332457,-0.0549466397191415,0.002332631704761794,-0.1001029106854311,-0.2614802164480763,-0.27110493221563225,-0.22443894630383582
Izmir-135,0.24978174820495985,1.07133660671214,-0.504962063780779,0.06122727271681044,-0.5200670450299099,0.1993723098315909,0.0571591997160876,-0.011581293040047458,-0.003733554536308342,0.0056678186996832304,-0.2528344661543208,0.2329988092212406,0.11065260100703546,-0.2768238604523897,0.029470934540865898
BrainLat:AR-sub-10002,-0.19059267563252968,-1.1224756928163717,-0.027577528011818047,-0.18444542519164872,0.29848959521217755,-0.11400715855075969,-0.15048197957993728,-0.20474642345681565,0.20958594633858083,-0.1441834012079182,-0.16394607789233456,-0.26153301761642844,0.12935486068204075,-0.0609279322864132,-0.11816037896409072
Miltiadous-45,-0.13448233910022384,0.25190773695169205,-0.07804583971271482,0.010739499203143446,0.3831770925195811,-0.28108710617804455,-0.10771097906101874,0.22060358975388294,0.0909169145479342,0.012233582683748941,-0.35361606978753585,-0.12470483493195611,0.025231766313915223,0.04765162518522841,-0.008203343551488742
Izmir-125,-0.9877473492301443,0.8386752868543744,1.354536822214276,-0.7672546473130419,-0.23625062534153024,-0.33098836304417206,0.3254487515909905,-0.35705204667794405,0.1851334280561476,-0.00840328560745566,0.2214079378082878,-0.08003614834775315,-0.021549465130644624,0.029774400756793756,-0.11977636546687762
Izmir-40,0.040651629538320376,0.29784447576524303,0.6455753353578815,0.21225498738118348,0.3958179425191275,-0.008368501286086367,-0.03183276242285328,-0.013504117172416254,-0.11632384995970971,0.11536296841725334,-0.026089073085668418,0.08926813750811993,-0.06879694357928538,-0.026670037440450097,-0.015458364691170243
Istambul-pacik1,1.0710872946639185,-0.5307159703332197,-0.17181134407236684,-0.2599666960835081,-0.45377529490591867,-0.3231654071741761,0.03865681957587105,0.39918899942899366,0.0061943261255038235,-0.04276246442765605,0.024395446950494556,0.19622975891297392,0.1251293795278055,0.08696710973293591,-0.06456147126125514
BrainLat:CL-sub-100010,-0.5713558396476581,0.7517101899157691,0.23847507904072973,-0.16219665684723095,-0.17615262537039894,-0.08757886950705411,-0.1143856154510823,-0.025072044644783385,-0.058081769803126335,0.12286580254791238,-0.07796075274773914,-0.08634560743833537,-0.03606644935420209,-0.02284211184089346,-0.19932831275647037
Istambul-pnsog1,2.3302690531871963,-1.2417941515928217,0.8994816517322717,0.4753664589144863,-0.270905692016888,0.3684729141745539,-0.0033039695421612798,0.4435485091212008,0.28097605524413277,0.24624770311949074,-0.15999878388320926,-0.05570740351014871,0.13640012420889164,0.06938649370150524,-0.10433641040855868
Newcastle-53,0.5716993755469313,0.4686623838893998,-0.5133788804273559,-0.26884594446326177,-0.8990972924375321,0.3494121001749739,-0.36922829308772004,-0.42407091655921325,-0.2594574930268122,0.12216127822348515,0.018978893499579992,-0.17206601004500577,-0.15010135363833618,0.08593848335158333,0.015015033594471452
Izmir-130,-0.7321803842606311,-0.404628921713983,-0.033019981876566185,-0.03687327084587845,-0.17589780145199022,-0.027421191819716254,-0.011693036612849728,-0.14671551353083834,-0.25797920870890834,0.34036613291086254,-0.13160095305157138,0.052466622810166785,-0.051396706138294015,-0.003538772532887656,0.0751317431703179
Izmir-17,-0.9425208024708157,-0.48870586542065303,-0.09299225487058542,0.16223886250642217,0.03542985282537337,-0.06941627722627941,0.08287752667495238,-0.08151101357172147,-0.08005771248265124,0.0650012666112202,-0.013516259212316514,0.011310953416447446,0.03174782771126542,-0.017112073764802754,-0.015600884806118254
Istambul-falsgul1,-0.6215273396704676,-0.6279772344366724,0.4197354802821649,0.3475597916038857,-0.023540634919829106,0.35729158213267176,0.30601845004118994,0.2567944651806871,-0.11118818571141362,-0.020999333361857324,-0.09264786028148446,0.07613038783161921,0.10878294119179423,-0.2425385842305215,0.020886793187047708
Newcastle-97,-1.5407018579878773,-0.2633701814389868,-0.0400624727849477,-0.3309220701320665,-0.47378353580565974,0.14293706664342853,0.3168449273395418,-0.19334301822435815,0.4244860207644848,-0.20010075261088686,0.15334178933184217,0.05803756684289537,-0.020013696520764696,0.03502443397160158,0.0037958805709630435
Miltiadous-38,-0.5467596326621029,-0.5069821249375376,0.16404885683583256,-0.1672745054752987,0.16008169543619383,0.03470391814004139,-0.04658668984217571,0.32169968590089726,-0.22725994272390712,0.02768620291666557,-0.14415300046106655,-0.08068030282215684,-0.04075146886122824,-0.009772329625786906,0.08207216749063455
Newcastle-62,-0.16081665049393565,1.1006406011427259,-0.1753377478480595,0.18607006778780988,0.5272926308023856,0.2288991270269368,-0.1009225512341479,0.06252458380288642,-0.007692526547196354,-0.056538753877884144,0.06166141929220267,0.03445185412254961,-0.25571185089916165,-0.3121065972491206,-0.13317383038120353
Izmir-29,-0.6751934390283615,0.5222168298424642,0.010428602809341452,0.08408864180625941,-0.2109307587459984,-0.014487625892541947,-0.14675823391917725,-0.13650042041185534,-0.0522003815773063,-0.05973443796818831,-0.05793322524352378,0.12067025610653076,0.024039366932789342,0.03483852072520785,0.07829420573189674
Miltiadous-51,-0.5605045007194457,-0.19968784037750284,0.13431563672728494,-0.278300038249943,-0.5191202107780158,0.2381235767233112,0.12416392496986868,-0.06145299147665307,0.07187457375166469,0.02518561923927188,-0.10162734718999525,0.029802266554096415,-0.13433335850743647,0.02106955419683612,-0.1376536309192259
Izmir-137,-1.2043802712111333,-0.789843511734895,0.3338221150311027,-0.06797716594699721,0.3785705364896454,0.164975355420254,0.20786991199141552,0.3016248277024463,-0.25059652454087705,0.1499042992323308,-0.18324158507761173,-0.041189685519822446,-0.015380942522652328,-0.003753444365355554,0.08675534008803079
Izmir-120,-0.13611979692013781,-1.271003914604858,-0.47789077612407865,0.23407776259456295,-0.03241060682503302,0.0869716814419089,-0.07320729567014324,-0.1412996924505183,0.2141005367518114,-0.279244155566202,0.4543723847842909,0.1312715367681149,0.05316649787226364,-0.057058182913056005,0.23751886433651498
Izmir-34,-0.6881099578027557,-0.9074419751247536,0.05717658063537724,-0.3312703479789374,-0.044975382066373575,0.45326795680944343,0.20888084641375138,0.24959907466005957,-0.21095171306539656,-0.06257373709986415,-0.19398766462694955,-0.10802400313876571,-0.028415733465975694,-0.03378318612334555,0.06718542968151406
Izmir-129,-0.678547420380182,-0.6038492861552895,-0.020664643400958835,-0.15333471471849305,-0.0707113371212808,0.1582700352864413,-0.09165475066851644,-0.06255820865313884,-0.18365764545339028,0.10416546425584129,-0.07773659711078479,-0.11287880209112551,0.0762683132329509,-0.0945605201484682,-0.08287931115682193
Istambul-falscan1,0.3297655318552582,0.644263092494416,-0.8920041679982431,0.7733244240369719,-0.4001207049606067,-0.05959057803457394,0.10939938907558158,0.2844273946160509,-0.105467798909318,0.12646259369313978,0.07902301417219026,-0.08193676320227207,0.025990531239445537,0.004448545042505515,0.08872373490116824
Miltiadous-8,-1.4182119616815285,-0.39114643401875804,0.14290983150495684,0.2192012374996257,-0.22825641181036202,0.2787454436515703,0.3017298625990354,0.3440148082496292,-0.24763062384841242,0.07973981847467512,-0.04391883477146136,-0.07293875872669077,-0.02166221509192386,0.020533711551337677,0.05191193228097904
Izmir-141,-0.49538010074963085,-0.3639739072055077,-0.2590108361171463,-0.19564833574273788,0.12320800766801772,0.12104842566036803,-0.16701669793894047,-0.08277202153042869,-0.017002178714372186,0.08072028735583581,0.10700438096284001,-0.03313253684533814,0.11017505757782783,0.15151383314284936,0.006916910256618024
Miltiadous-46,1.1156921085159024,0.17786041899625832,0.2886465227606359,0.5193359191327315,-0.12742781978795475,0.03296287108915862,-0.5428014377971959,-0.33153533134847446,-0.19315280663219808,-0.08281625182630785,-0.1698105171329242,0.02763583811747324,-0.02324962893614839,-0.0815897248279874,0.13917599078901777
BrainLat:CL-sub-30027,-0.12638173097164118,-0.2481872917385309,0.04952604768236696,0.05706341226919756,-0.06956067095828918,-0.25008754383696163,-0.08130613449217541,0.016581459177157868,0.21376375022410046,-0.04906990785132747,0.06911766832375091,0.020767105182635644,-0.04851223913913971,-0.025398494759168954,-0.10252668233426401
Miltiadous-15,0.9981828916386298,-0.3472334575171134,-0.43989670049644847,0.4435525340487494,0.10824366416065598,-0.09931902403261762,0.13361782386784457,-0.09860795885568495,-0.014746775175041098,-0.27964561780865155,0.0796150230391549,0.15744630057821304,-0.15577236769213423,0.08231484435763141,0.14924246980048764
Miltiadous-64,2.674859158241879,-0.48029351419443966,0.011208298825787399,-0.09644654714051101,0.18924057009973422,-0.288472822730058,0.23998624945892028,-0.0910755344748779,-0.11235055065925763,-0.1278389357882542,-0.1977740370501188,0.08173375413706867,-0.11568984531917435,0.04477463018218731,0.19197628915055834
Miltiadous-42,1.3048246986273278,-0.3556809279870049,-0.22845839255680167,-0.052683329725657965,-0.13918461923796926,-0.021354899791249816,-0.012030110360844306,-0.005034502694004675,-0.23657114108079863,0.067539175899312,0.11115505093055295,0.04834698111707608,-0.003855045772000163,0.04627895515045361,-0.06270176468545229
Izmir-122,3.4471711699100323,-0.8669091336063675,-0.18641871436643198,-1.0238582859742213,-0.06332439175343113,0.7188278243373604,0.059614340358322006,-0.17231529352025826,-0.22941432278521437,-0.284099680756405,0.09654966257173755,-0.15131609282963082,0.09574495851903655,-0.08053923534714215,0.007694058497201243
Istambul-phcet1,0.12466211968209187,0.33199063562949505,0.538164072707332,0.40437057683811867,0.28960110864250066,0.2961605462696539,-0.15449515987060058,-0.016670769622027747,0.08708226368426147,0.07405803497675346,0.03033603548110356,-0.010219800985130428,-0.13271956920581585,-0.17991862589759788,0.05851103654694345
Miltiadous-23,-0.6168013972677402,0.15867387773941294,0.004985520993081729,-0.04786661719432145,0.3870388152101764,-0.11649848928838864,-0.26729107606593894,-0.021090176035078866,0.30577248204796853,0.14587426157953137,0.3051802459005575,-0.07802092010529538,0.01020520720331904,0.09407998311613866,0.28711553779592464
Miltiadous-53,1.1485579076697439,-0.40657073642111907,-0.11511972625664195,-0.058835295337359,-0.46160037481646277,-0.11566470309977808,-0.09424439690176742,0.0005918614808016017,0.5946908116503711,0.017179591108974837,-0.003290493421289603,0.1490254251008903,-0.030440545729769914,-0.0060027846307769165,0.08213116598962154
BrainLat:AR-sub-100020,-0.3014909776180231,0.2925443093268369,-0.01969425569284498,0.08651932578492673,0.13512709115950294,-0.13920068424250212,-0.20250940768187506,-0.005105916879818704,0.15567669752632912,0.10245813762163161,0.08538949389839225,-0.05762928744330236,0.14069390753890068,-0.007249262833928516,-0.12377646867444476
Miltiadous-34,-1.0649543289174677,0.29457590939896167,0.07167516748835759,-0.06008948011582498,0.1226741459546097,0.22158022758517648,-0.34914018801502134,0.0010186719950991223,0.0019320878553386424,-0.1379245113662274,-0.29965446380373745,0.07285198199682434,0.1019761704273269,0.15875948681815746,-0.09565229860257785
Newcastle-109,1.1883589431162074,0.5545800206061247,-0.9360262372902033,-0.1597255790959582,-0.25150558843235105,-0.022037388968649062,0.28505103133480975,-0.028247600611863002,0.058545561152870115,0.20496899635453725,-0.05470493733414272,0.12871718472173782,-0.18731306370776374,0.14754197057361257,0.011370815346927306
Istambul-fhtun1,-1.3679131108884726,-0.11103173202564937,-0.5219945568858715,0.03858418454784096,-0.5563718516396416,-0.32263886474238657,0.0052155002775282,-0.31088697414531996,0.2139884545448056,0.04297794263397318,-0.0375057305066011,0.025284660593003636,0.027932794582363384,-0.0763391817565654,0.1037487551495445
Newcastle-81,-0.9904528739274104,-0.6963146826783246,0.055780693638324386,0.17768081901644925,-0.02645825652108079,0.04748708402844355,0.14134276213301808,0.1663683628305978,-0.06163871082178645,-0.28447671696525323,-0.027623859022060254,-0.007590753472175754,-0.09546222089784824,-0.10849862304394484,-0.12492614126529093
Istambul-podog11,0.9700099544213494,-0.6667950380330117,-0.2989459039430683,0.2013146162087275,-0.11317693736414725,-0.25720110655188533,0.11274755893039079,0.1574405022579952,0.06028170200595541,0.04762428602761273,-0.05305960009359091,0.044438285724755285,0.19160120720334325,-0.11929990692384132,-0.06153967580295205
Newcastle-75,2.112905408788714,-0.8263433640143067,0.051899779485303735,-0.1872602397506798,0.24867518731573002,0.10760180763712704,0.013038802749181417,-0.5459123467272582,0.47121420324162805,0.08362638111418264,-0.1641621274498352,-0.140294427793563,0.14716791275233077,-0.06964850734461728,-0.04107169523183881
BrainLat:CL-sub-30033,2.351173052250711,0.3775138410699692,-0.28490148227908957,-0.49024140584294573,0.3259560732507117,0.006712267126471054,0.47972333149317137,-0.06927585939587684,0.15595866866674796,-0.005971167087818686,-0.06376215754721636,0.1052944799850954,0.10760372114680974,-0.008355306366391872,0.04765644179749769
Miltiadous-47,0.37688413299008405,0.35447212797105493,0.10160207421314266,-0.5083937871463977,1.0145339328855456,0.04238143682240272,-0.004515578552954279,0.09925706334741018,-0.2076444637932533,0.34827734846467784,0.17828876830555695,0.14928783889132818,-0.13445062922095563,0.14804955570397096,-0.2680021163316252
Izmir-114,4.251047252647368,-1.1687024967592956,0.5575884450337597,-0.2071586544093885,-0.29559553713056375,0.1871769757013092,-0.2290514629035078,0.23641903878379253,0.24531805711051224,-0.3373737436308613,-0.04420911389485912,0.12108441524282876,0.050358755838338216,-0.3993581711773483,0.11901164141676669
Newcastle-110,2.912343920970665,0.10578499225436302,1.6906522095246908,1.225250430428139,-0.545452402159184,0.37685560257744144,-0.07535892467493994,0.25911234270253614,0.861830575321109,0.7583901540886445,0.03547891138569707,-0.13588618739846134,-0.1462622135198241,0.18002278482138462,-0.14532479052753097
Izmir-13,0.023404209728450056,0.42558943055149095,-0.15359620719746567,0.17365802288649868,-0.16171888352952796,-0.06715125496125596,0.06720233044096767,0.15848904178773357,0.003988082156358629,-0.005927797006318861,0.2563182120460811,0.05850491308674157,-0.02547238761745248,0.11161303858700744,-0.10169387044041853
Newcastle-76,-1.2498882958834514,0.05262931946682988,0.5416054851546085,-0.14085906197451445,0.06914506683859707,-0.09168504198305119,0.13566125497890633,0.12021935075414425,-0.12039420947996857,-0.014535366141268729,0.06529855501135749,-0.025579836085415007,-0.03351738104859857,-0.005915054485037021,0.04203543738796861
Newcastle-77,-0.6491898218259319,-1.0712423221806902,0.10846475584654391,0.3510676684230349,-0.03872191644029583,0.1318891954717499,0.004551279890406269,-0.10290102787170183,0.593257566880103,-0.07042387606455029,0.07314611071286045,-0.09572943270879444,0.03201677781099426,0.017406403606430084,0.009979381754662477
Istambul-pkbay1,0.5528240631365191,0.10849798117250502,-0.5660210303725124,0.3119966729868229,-0.09229097918579335,-0.18246664068208915,0.2042772166817601,-0.07296476130469945,-0.15676470395814004,-0.07203921288274265,-0.04414261595750133,-0.1847598322092555,-0.19292955973659834,0.0918340492683524,0.016996762818165798
Istambul-falymem1,-0.0872510239058076,-0.6078567381896164,-0.09042314969139788,-0.07535758774967914,0.7250649705030542,-0.1538609819903543,-0.021406119184218714,-0.4048825034652829,-0.1135789238789713,0.12394836848606516,-0.265754939684863,0.051972791239001975,-0.09319467629959377,0.0799528390649579,-0.21308400378215064
Izmir-148,3.068947823404641,-0.01682464174182438,0.25864481796679334,-0.6910374086072953,0.13709417357939646,-0.29356945285464525,-0.17755920527826424,0.21626416311549887,0.21080713864558115,-0.07290056024478056,0.08586562179115055,0.12146231686427797,0.16798573472794598,-0.20285912675078147,0.1338642852398534
Izmir-128,-0.3098672280841782,-0.0012360213282600673,-0.1431055519914942,-0.10013704020395318,-0.3887943448526358,-0.3629063338447369,-0.06985421274246334,-0.10603751764718401,-0.23172792738063208,0.21033854416578246,-0.12370343588182306,0.015015812603611517,0.17331010715068296,-0.10864337536826697,-0.023031585568027816
Izmir-127,-0.8288524474858978,0.015129361555507526,-0.6813922317831363,0.23926155727378062,0.6238976345408607,0.10253094810003902,-0.27890940819358706,0.0681725070970397,0.22401174877666113,0.03717524542718749,0.04933338207334852,0.042581183620946886,-0.16380563721628968,-0.01680444428038338,-0.18932573107027081
Newcastle-61,-0.47844606873591666,0.5089489546754153,0.3398817329655785,-0.23657997129514402,0.2430479229590206,-0.13574907341415118,0.04032421886611608,0.18384800679123708,0.024645474164690467,0.0919935963924232,0.14611050887839866,-0.03490358070853922,-0.0290699957994308,0.029363307816132434,0.04166779458412033
BrainLat:AR-sub-100031,-0.3212757240049148,0.5646655878967443,-0.06929354270734119,-0.1442838657917059,-0.3505787398854109,0.38359387730679084,-0.24982032485960448,-0.016626791062368026,-0.135745356579233,-0.02786886545692877,0.17755995974361313,0.03317861836243978,0.08525538293261845,0.024337063051220232,-0.11399089225499764
Miltiadous-26,-1.6543554598079806,-1.0443397019921339,-0.2970817236755406,0.44269460523129583,0.17778403693374065,0.04217492696317832,-0.17820888855310882,-0.003664138828580783,0.28418263359366014,-0.194506713560528,0.12442906827118567,-0.017594608147170076,0.047622033784665764,0.0950971783150737,0.00651671935411739
Izmir-46,0.6864935521162071,0.1360257823628469,-0.12891798470161273,0.07572983655795394,-0.26470721420923693,-0.27260993764478725,-0.07025599793279681,-0.29929635549491396,-0.3462823290490089,-0.19139720941572208,0.06487391590418315,-0.02550214585906762,-0.10987988982509224,0.12289246649273533,1.200721699913945e-05
BrainLat:AR-sub-10003,-1.7222705082876673,-1.3174383475695473,-0.05826977927705616,0.32444770771364523,0.08145151493678908,0.036859527778210145,0.0031974256971314544,0.1120326854583837,0.1718079662110355,-0.09840056751106806,0.3701549909816546,0.12390473064764944,-0.039275111130554194,0.10511238441965164,0.45865149957314433
Miltiadous-28,-0.4838922488950539,1.9573339325741583,-0.39682462546161784,0.4304849024782361,-0.39389407695662076,0.3505728132016228,-0.16094166307739913,0.03116156926717275,-0.156583547937817,-0.15149966127090472,-0.06642288260654299,-0.17569558637547888,0.022442754440820157,-0.1013191065336501,0.027836078550030376
Izmir-157,-0.9794747059518943,-0.04090886871318117,0.4524510743744576,-0.2248194384341423,0.044435597854227876,-0.010239195604166937,0.05737070866896191,-0.1025238162486395,-0.05745334995266185,0.15439789968813278,-0.06453722981570525,-0.03608717159680594,0.013120365243982236,0.07884723150854754,-0.025644054158208234
Miltiadous-65,-0.6151534248952432,-0.31999699899451073,-0.07893222731793402,-0.4057252502048498,-0.2728782101151638,-0.0652567977304842,-0.007371624857330881,-0.1597514722211375,0.062052965388263534,-0.026694101560627972,0.11866392115537941,0.006215972011648583,-0.12908438888079438,0.0008846441436479984,0.17580255380646703
Newcastle-83,-0.7989368842589979,0.37360649202590496,-0.23633082354089982,-0.2037989065081006,0.15576505182593925,-0.07423966501605868,0.44866825908178287,-0.09850756833670875,0.09724605460093792,0.02342709701514527,0.07162040952256593,-0.06343543188690305,-0.07762491389818411,0.06669352962390201,-0.06285102635342413
Miltiadous-16,-1.4895331531460874,-0.03110232326458773,0.004590389004660918,0.14964699033331427,-0.18212588364252072,0.4447161614122283,-0.011710070563507357,0.3580727651450166,-0.2889341007999628,-0.17119037814543572,-0.20891954923609904,-0.10921527986116111,0.06508568534952751,0.058690107138631195,0.06500252859762025
Istambul-pnusa1,-0.9041529766700916,0.18305244596650466,0.4948040398195191,-0.22657550692420808,0.30233267370605726,-0.08986243600534934,-0.1966295363180485,-0.08635261507851458,0.09370249354874746,0.07247921507559525,0.003359818869382345,0.11064382361577545,-0.02216883050428405,0.006999998020705523,-0.05686326055993043
BrainLat:AR-sub-100033,-1.3478900700417493,-0.5040301750404459,0.13128814113970508,-0.25897511916433635,0.6055172174072617,0.2587888125331722,0.12993653464167276,0.623128716055678,-0.22175458801547054,0.4346646948180289,0.12433607744332485,-0.11600729987885246,-0.012873101900426346,0.14408499736880123,0.05958416510566685
Izmir-23,-0.9578524118239593,0.4046300707117331,0.4439129038715573,0.047330564686713046,-0.3022400984271609,0.11918428575848876,0.18329141932802728,-0.2833852783542462,0.19345294023555995,-0.16804404195079753,0.0878932880651759,0.14182380531207167,-0.08944283026858307,0.10205636615176272,0.006280981555260409
Izmir-147,1.0548057067605927,-0.7233557265663673,0.15843889842350264,-0.1691870823959378,-0.5516852876714409,-0.20670409514496205,-0.1459273539389203,0.53884178312437,0.017821788278136394,-0.15254526103493524,-0.1025047715907564,0.1394815124168523,-0.07194924495095001,-0.0897322075685104,0.031729687507719
Newcastle-58,-0.5845059011014696,-0.018976853938895394,0.2724563963358402,0.042266214389736496,0.7960832250696899,0.029314845753838987,-0.3569126757044148,0.08120963285860167,-0.18805114868488176,0.2328491824116085,-0.020659253390950285,0.19051613149595842,0.03148584169636938,0.16052642391765462,-0.02760189128076204
Miltiadous-55,0.13265736160236366,-0.21206340830012282,-0.0030203846441837095,-0.46347743881792597,-0.41822375152337293,0.1317348308909858,0.00947621181103893,-0.3972421028166269,-0.02013822822089269,0.029934501790961045,-0.22142558968138618,-0.024052104755457417,-0.015301328834070165,-0.12346700805071965,0.13049806864441704
Miltiadous-6,0.9869183008487467,-0.4174206027140923,0.015424868153876121,0.5167745310990756,-0.0006077604157454867,0.22661612007469997,0.4128824240621324,-0.11945025331571064,0.25043648242373384,0.07215130423981646,-0.01045071246707991,0.0383499132700275,0.1178297487261756,-0.010358481819537803,-0.05557554109157089
Miltiadous-25,0.03554180736681187,-1.4169700911102685,-0.18962373723832723,-0.05708199737898438,-0.09683893293955197,-0.04006730485074205,-0.1979743312173656,0.04624457883280195,0.3106890449711881,-0.1990285617401154,0.1636136675619342,-0.07332733809000987,0.04340710280992598,-0.09917525910223222,-0.187835289289005
Istambul-pccak1,-0.12262152728390388,-0.8693080407944191,-0.19472024123606665,-0.3969379484043808,-0.13657431928355832,0.11266524125739706,-0.44505427458375946,-0.4149412185960865,0.08869304649494185,-0.027165142672348947,-0.008341875328024715,-0.3470247475153073,0.1518954488285195,-0.040833118503105774,0.08932281737396984
BrainLat:CL-sub-30023,0.4079671461124462,0.9939684408564562,-0.21246342754233905,-0.11022119771130888,-0.04083341775584499,-0.47684761125206115,-0.01345325519528567,0.11830845260197655,0.1258149609970499,0.06595021865210478,-0.0217861945535891,-0.18690898725579322,0.018856336583832515,0.1512564055711723,0.018304180799045368
Istambul-pukab1,-1.3902477275749423,0.34324833942647043,-0.08963187062343912,-0.2349067935361958,-0.02729027563354815,0.41425212165355885,-0.22194230216727226,-0.19976626756124316,0.12495714540386318,0.2857975394627287,0.32572228764753075,0.12943323166645296,-0.07363838998607518,0.12047715290437484,0.0423032143688157
Istambul-peakk1,-0.004352700675062733,-0.4590034998696655,-0.6542443639380171,0.0867495342026278,0.31393724609570145,0.20534007190493841,0.7865349356655312,-0.010474051676900098,0.06936550298153521,-0.009959133698817787,-0.2947264332646429,0.026028249093271286,0.06015208362651329,0.09697358437770881,0.056606613021615106
Newcastle-72,-0.5824073973781185,0.037998739298221354,0.37843934540785373,-0.411868857226444,0.3309561713936323,-0.10961844620022482,0.01311069118714412,-0.053385991479274496,-0.00852386077138001,0.1807378052914344,-0.07267781404855671,-0.2023289978601641,0.04530564095241678,-0.0937958498978062,0.037120698506391145
BrainLat:CL-sub-30024,-1.7909726726541417,-0.49898615249217604,-0.12133466301664031,-0.08622611154350503,-0.3229977824483224,0.48786688969700664,0.2818345191548901,0.009321213214931673,0.1875668160381075,-0.12282775917938474,-0.07002751562505288,0.09249026781127241,-0.12543585396083437,0.0286027729414722,0.1656805368671665
BrainLat:AR-sub-30008,0.9682918062986462,0.40832100124468174,0.36894422685362166,-0.07940618815358995,-0.19676086019976435,-0.3981773848226775,-0.10432198423374422,0.10174659397820544,-0.01833190577793104,-0.30622357594685384,0.0879813259775294,-0.030289692079186244,-0.02746860757555993,-0.06887115778126457,0.03704375510717155
Izmir-30,-0.3300867117425313,1.0390097304043193,0.047496742006942545,-0.7428248187407517,-0.5069392581092177,0.16691087186466994,0.03306417411971139,-0.04016475320972379,0.22555138051374468,0.13274574140714307,0.3194528036170004,0.07593374058183704,-0.01765128063753624,0.20543451110552993,-0.13849650121680518
Miltiadous-4,-1.5799367172551457,-0.4981003539782691,-0.1745354854130117,0.4922860421734421,0.0964408781472432,0.22300635201554916,-0.26935397580863096,0.10608596983539485,-0.024775204236648328,-0.178378135836795,0.1337978691768003,0.002634929861016875,0.07384729582470496,-0.0082163097479647,0.15180391684559852
Newcastle-85,-0.7574203939553451,-0.21233066492741914,0.3796421753823528,-0.0876360808967719,0.08637579398884823,-0.552781274495109,-0.06086925100240752,-0.14778540866387876,0.10186876515435599,-0.08348786416555848,0.3376537700253465,0.13920306549603853,-0.06329984679475474,0.006876127991611372,0.09334972430193314
Izmir-113,0.5891142865313727,-0.42618022691766383,-0.1391125062597518,0.1606421616750587,0.18962958607935335,0.24022583323272548,-0.044811043058207614,-0.33336375368552235,0.0280713696169459,-0.09967658925696908,0.1508496697151787,-0.05040039983431803,0.10736474856692707,-0.12608277402944343,-0.027435177460549676
Izmir-136,-0.4786496351755345,0.23441062058429682,-0.16450967474577224,-0.21938212255956335,0.11863566236072574,-0.42975707411330044,-0.148529556653517,0.01857159617388025,0.1661019588714996,0.167842926892828,-0.11677926488330446,0.10394355114143894,0.12474076778595011,-0.09804315641041879,0.0077483059477902
Miltiadous-54,2.4252795299052705,-0.35324838597438685,-0.025528392408128403,-0.6107010643908455,0.666507353484427,0.05253671208089672,-0.13543134954586292,-0.34424293450946764,-0.19522073108122726,-0.12631135503168064,-0.02074745368510783,-0.3103947295862263,-0.2046173351853384,0.11965352249408558,0.18426266117438886
Izmir-144,-0.10417297570882197,-0.11030677757076876,-0.7831414754404499,0.20874119507041577,-0.5201257976374811,-0.44500935208080555,-0.02292906233510853,0.22844658629149214,-0.031199588275977918,0.03798809980875949,0.054011342219398066,0.004468794932981838,0.09380246754348685,0.10923875860294356,-0.1901904698021337
Izmir-16,-1.0214066726510227,0.9756182341034095,-0.08360596421828717,-1.1383419758783646,-0.8717035038155094,0.8889900402388508,0.4969619643395193,-0.1171665959714084,0.26860227940839193,0.25556019579160094,-0.07812251831773204,0.28954654554216325,-0.2365790759103901,-0.003097492713809031,-0.006294433624639484
Miltiadous-5,-1.2770377793132013,1.1153049073573882,0.34861425121759837,-0.7404042057916842,-0.12544375919374226,-0.11403982629117797,0.19748185526760648,0.05553241248155536,0.19452790539164294,0.09967679808709663,0.12254588880409102,-0.08285517429252241,0.0960097929509758,0.04409867524531203,0.02429657815797289
Istambul-pnkok1,-0.636327969829151,0.49688168198262905,-0.6045700335790882,-0.5818604358412123,-0.018380676737521348,-0.17809754380132176,-0.3286693460557379,-0.0031358293350820018,0.28014296859335763,0.09440906589416692,-0.13930575156218133,-0.12167626420062214,-0.11791712787965669,-0.0336483859324297,-0.09761252276251142
Istambul-falfsev1,-1.9537961805473214,-0.6479997441997447,-0.7915367657785132,-0.039363394337343,-0.14864343605291525,-0.15807392528824457,-0.18785272055931207,0.12939203216432185,0.6923748490191957,-0.1718616500657657,-0.03811374965741333,-0.2022534905548523,0.09801206427602248,0.1231901676872116,-0.10103954851857154
Izmir-121,1.0157567448529532,1.4230834079257808,-0.3052352570266825,0.5420285780649087,0.7492405120814194,0.43205657506260237,-0.3950760350989974,0.25274692313382,-0.03885152355529473,0.07306151740380687,0.1536981026072606,-0.31166763740240633,-0.0545365693084445,-0.15830867008363927,0.12533292153327732
Newcastle-98,-0.041939875058895314,0.012723144151716274,-0.5773272108415107,-0.06306113161088463,-0.08776055552420219,0.02721287453193717,0.2945689614512161,-0.07831658681142083,0.05339244549312461,-0.0047004394080198495,0.03915258886526802,0.04008494588645242,-0.11119701286445981,-0.09026764942332065,-0.061576907352019844
Miltiadous-17,-1.3229125033471791,0.3970579476163749,0.28425396317675117,-0.08263775012295088,-0.1331552883490866,0.3281334541516781,0.022277480866781003,0.0639158148645572,-0.08867326637273917,-0.1643498174063937,-0.313371014471888,0.0813921539655736,0.05109190340533462,0.13663574945488455,-0.04089753765468593
BrainLat:CL-sub-30035,-0.7245321324079927,-0.3608524998003029,-0.20241889951260336,-0.004736952511102301,-0.1996919991546317,0.13227582928121678,0.002275784890020545,-0.10506022062383351,0.07558713470268626,-0.13516855099007694,-0.007855751880226504,0.04328369851657556,-0.12929100875711244,0.017273792874348326,-0.006444367652261809
Izmir-38,-0.8288524474858978,0.015129361555507526,-0.6813922317831363,0.23926155727378062,0.6238976345408607,0.10253094810003902,-0.27890940819358706,0.0681725070970397,0.22401174877666113,0.03717524542718749,0.04933338207334852,0.042581183620946886,-0.16380563721628968,-0.01680444428038338,-0.18932573107027081
Izmir-117,2.163662042859712,-0.04417622834819794,0.37471839898626197,0.22824606863913946,-0.49948975503270016,0.08035378679325154,-0.18705182999908576,0.29732872130825827,0.3181762898560137,0.15904108789746293,-0.02387454203376766,-0.03455686180570599,0.04874710465706757,-0.16670849048228847,-0.18275684493741964
Miltiadous-18,0.1691673908256972,1.41195187151733,-0.06594787465089162,0.769182360614644,0.10823498221620179,0.07406691044524731,-0.5411165990712816,-0.11109059991097041,-0.026010690592513673,-0.05443041650860534,0.053160549233621936,0.07643127164106601,-0.09578753258120129,-0.1512698416105896,0.09783526965636063
Izmir-132,-0.600958885140153,-0.003512259387565253,-0.2689807187739578,-0.22732459173366726,-0.16803311026213297,-0.2185044716343416,0.0991249022540864,0.0009495030496522788,0.03259322486187971,0.11974407382563745,-0.17135708952690512,0.002544416781453939,0.03701024398148163,-0.009722772433620842,0.06747628742862362
Miltiadous-49,2.346995744316311,-0.1362077634177881,-0.5970278297841697,-0.3692258107797881,0.24554601790810354,-0.22006621841932963,0.09592861833988836,-0.15596194373170727,-0.17070044095198425,-0.07059134759926836,-0.10355577753302311,0.1741067378161743,0.0834168530656412,0.1254625286470623,-0.19556861568151448
Istambul-pegun1,1.4655997956805955,-0.9306020261390167,-0.007785429911714995,-0.7741848756994619,0.37302449691997513,0.07573060569015387,0.14632602707205647,0.0021254096145115735,-0.3273396599537242,-0.16527289603077086,0.06037075547749649,-0.08880016354489373,-0.03225539805313525,0.21608852548030585,0.09214309816019102
Miltiadous-13,-1.2863739948461836,0.0482101059964605,-0.059245440916998154,-0.3413233346978289,-0.21404395275465643,0.4734982358588826,0.05124433334993356,0.06017816577371177,0.029667447965081015,-0.08693278849577743,-0.15435914018944416,0.02827894591738792,0.041441978178915546,0.08737365608546649,-0.001716524906539835
Izmir-95,-0.7333236546309383,-0.13811991266917975,-0.01413585780187119,0.5331078828398653,0.07143797971730809,-0.2092129727351219,-0.3680827711238446,-0.154342765630956,-0.021467483825555432,0.10198376625978307,-0.1581015137710503,-0.004079681750234077,-0.011898285779810976,0.0874587544751509,-0.0004590407509196007
Izmir-87,-0.5218104405023019,0.08473121889571131,0.12467514908688183,-0.12087717394541887,0.31615585121555123,-0.15094099919111967,-0.13240050940304085,-0.16335549591466203,-0.16638537267139258,0.2867923842371302,0.036362076828073756,0.11681261721560687,0.04559116858834484,0.030599920775463533,-0.081971617387297
Istambul-falecir1,0.9526239025045293,0.04454099651498434,-0.5257955024324305,0.006476872686160302,-0.13502606185903337,0.3028264373996834,-0.12994867395504228,0.2760867797216674,0.017139064779548657,-0.14242247895627105,0.07448655931600842,0.14784856593216264,0.1569794612461173,-0.0517699931087321,-0.04078603870441494
Newcastle-111,2.0489586426375217,-0.19346950097730953,0.25315270967736053,0.3081954815305426,-0.03562577052635526,-0.38177976318121604,-0.4488810119346608,-0.3778205087795429,-0.060194997454815,-0.07328711757476176,0.17466257177277156,0.10338004945718,0.052396440367811846,-0.16566665189423752,-0.12498332760644248
Istambul-falssah1,0.2815397805053746,-0.6113790544915642,-0.6528340378209053,0.5777361624997824,0.31019310932799,-0.007103045161248307,0.2657964557954561,-0.09089189322379404,-0.046591951570373664,-0.12424988092724794,0.07609354904636037,-0.009227400412906392,-0.038731037905100234,0.07348064114382465,-0.10922227444291961
Miltiadous-48,0.08635060320205243,-0.22270157250966682,0.16494232807709835,-0.8941415601803054,0.7592970806941198,-0.2963724897176415,-0.1502144183634727,0.46824695211968415,0.15564979804166065,0.502484604047756,0.30444288471897957,-0.17586317771375537,-0.07504919490095124,0.015346065597843364,0.13421313311961824
Miltiadous-36,0.9586233725639881,0.17817899573707408,0.3986970889066721,0.8045013336546984,-0.016700492859592513,-0.45267127633345405,-0.29982970665638725,-0.27016436410462585,-0.10159586123820842,0.3180304610710624,-0.3228773061764247,0.13727336637239182,0.019948509014562812,-0.0482061555839126,-0.06224946666610187
Istambul-falskar1,0.8540332723817434,-0.7935214515046747,0.15861254699833244,0.4372553212289405,-0.13718037991285767,0.4023628702830684,0.19016327664608157,-0.05502392029372754,0.18546689738333702,0.0802263616163708,0.08170965804853146,-0.05905357249148931,0.14806076320871786,0.06142680794953412,-0.06063154961912058
Izmir-90,-1.1516767534779286,-0.8921026862246852,0.19667532400213758,-0.045099438217313305,0.48163492014505543,-0.008046759730062634,0.1706075118408055,0.41230502788344814,0.11638996273152069,0.1861740183775512,0.04490065345935236,-0.20706291948058875,0.016463117093919923,-0.11068461002862993,0.08469146451802344
Istambul-pssog1,-1.0043464515238552,0.6800356141252991,0.6839294295125129,0.3268992586230173,-0.03523219365552354,0.21277093481240533,0.09945680446336404,-0.040359013488835804,-0.27082325824338643,-0.11542372666320772,0.12884635604801423,-0.09571122915386623,-0.07559649868023641,-0.18510069077820782,0.007559203626316227
Miltiadous-12,-1.0190445890616258,-0.2705422292290633,0.3519783786550679,-0.43544776208991537,0.17934596347376244,-0.2287718102202741,0.30915996802144613,0.3695290949191799,-0.09873884652392896,0.19933441700466237,0.07584984274582153,-0.1617773625193218,0.007654842631736324,0.020427386745696868,0.07932493068738941
Istambul-falekab1,-0.5154047991083435,0.04556466500400147,0.4245660870805579,-0.34578294301327706,-0.32781209970062875,-0.047719603863905634,-0.12001992655501378,-0.35478180810042464,0.07934165504335265,-0.2682123787304462,0.06478530476627814,-0.07138414586529879,-0.04026142094395201,-0.029725808643383773,0.06241077028496076
BrainLat:AR-sub-10004,-0.49984779683852354,1.2739769570066912,0.4529091830637599,0.14038337651095503,0.0005736767801836929,-0.10442104811669732,-0.2834574248800338,-0.18391780635664828,-0.08509255767497054,-0.15691316415642403,0.14950464406294978,-0.1801167440899887,0.022730565037618937,0.21807131803120983,0.030456799543292886
BrainLat:AR-sub-30020,-0.8861278280707765,0.5038457722845464,0.1554780559299252,-0.2679294444790648,-0.18458673043852422,0.2608865583409258,0.008211264525054931,-0.19511194352403224,-0.03825300403975098,-0.030875674688513512,0.0818669759028761,0.07815329999609859,-0.061072798097075935,0.03274349214070613,-0.14461645147567692
Izmir-92,-0.2078246832355547,-0.363899634148636,-0.3115592577787473,-0.10246849536245241,-0.23726817907018385,0.010949881435395346,-0.37043572361420196,-0.07264037160310906,-0.14300255254772948,0.039799327809644104,-0.12322781986446328,0.038171927078805824,0.09398493386002212,0.08902662210499876,0.08163091888308081
Miltiadous-52,0.5217862599637579,-0.19814813626163,0.27956060429542595,-0.07749275478032683,0.025037935369650925,-0.09225922417468989,-0.11646451392788737,-0.4842591483010929,0.11014044924213065,-0.09022773445915024,-0.054822631191398144,0.05583758237254962,0.026278792940569222,-0.08815947448434061,-0.15350443597678326
Miltiadous-27,-1.6289562225916208,0.22010925926526975,0.0742988235584027,-0.21064543662771723,-0.3922487400655462,0.1415727857381066,0.02712504535147371,-0.30143757350974887,0.08353183013815554,-0.2601377377737213,-0.1128788981626895,0.05333344408355592,-0.04746276180065203,-0.11191563931552788,-0.2920794259121748
BrainLat:CL-sub-30006,-1.1486390949557752,-0.12186208093239932,-0.11052176736551243,0.16611879930803086,0.2881027295641207,-0.056106336299494367,-0.11919998052692028,0.15401872047047377,0.17549299634951385,-0.010458582258427239,0.011023224496467313,-0.005571499390124882,0.12332177839225068,0.009153665935423886,-0.01747096771216923
Miltiadous-32,0.46689466801969315,1.5859497970529128,-0.5599229550190924,0.48750095148663314,-0.09049082859762267,0.4344965798874301,-0.48952261926513163,-0.040114438165761164,-0.289660877528977,-0.028488847302993347,0.25626281370894766,-0.11571331501154818,0.04088852696744928,-0.16631515563942895,-0.0333179782410944
Izmir-88,-1.4517106053460347,-1.342838506943818,-0.43966662237954784,0.44697641144019407,0.08583811843114054,-0.04494368403853429,-0.04004187180111516,0.04143388051783073,0.3134766501538508,-0.29355716902338674,0.272442009446144,-0.010006628646349077,-0.027253655902384127,0.04742701584112854,-0.016194197855593707
Miltiadous-62,0.3830634051210105,-0.7683613680848573,-0.0017721936475082775,0.14095441047576737,-0.08542265024067702,-0.058402634670244494,0.27032837288399314,0.4383841392357027,-0.11106383506844847,0.059176456866836535,0.082324090978112,0.11156789171903046,-0.025287034596302712,0.0005920300408918803,0.1435490856018692
Istambul-paar1,-0.4649726879790607,-0.16292346209113015,-0.05006953203310323,0.09492442913022697,0.163447832384813,0.0087830705633,0.2054337327944284,0.023806497753862756,-0.18149887053757127,-0.08526574282801049,-0.16425587597272878,-0.11125401948223666,-0.05103115447958125,-0.010869229579994703,-0.08642642312725345
Newcastle-82,0.9576775442760787,0.006185390631967619,0.14680835532041242,-0.23266344798249738,-0.32712861815016814,-0.27319527376559516,-0.11652918972726356,0.016534604059332592,-0.16017581672767056,0.08389535185082694,0.25745746053176444,0.04031020466542557,-0.08419186517265828,-0.05611627922910337,-0.0893859825499727
Newcastle-56,0.5461352318713762,0.9997046255825061,-0.3848683032173535,-0.3758984707933954,-0.00892259449366344,0.11245485772147663,0.11173090707532449,-0.14560449699751418,0.263608984199827,-0.03658422284197301,-0.449089217978884,0.07852638521803025,0.13173865414832125,0.04306660117364255,0.23774877140844083
BrainLat:AR-sub-100028,-0.14412136487371155,-1.121520917126473,-0.02728925533521383,-0.19009778607348188,0.30728835316330294,-0.10115240968490326,-0.14842620170345644,-0.21879868204493236,0.20918078097224488,-0.15458063913423126,-0.16847228778298956,-0.2624759541399587,0.12555080767689636,-0.06149324149483187,-0.11823526986234724
Miltiadous-60,-1.3475017496260284,-0.14702983140444126,0.15090005215120486,-0.20304163271863188,-0.3756507003415795,0.0800863713582723,0.14280883602986147,-0.19282227608085717,-0.12371997035646574,0.19070960476880816,-0.0550103249180417,0.03468122250659658,-0.08570132438866955,-0.13064683117736184,0.05180432369787645
Izmir-158,1.0084125213165847,1.1061547607078444,0.6145412718212595,0.9876780338254876,-0.08137116812162003,0.17201537046882848,0.03423034078555143,-0.19521151012969362,-0.009190706686737849,-0.08181950961161301,0.014499003888553335,-0.15833187038730887,-0.0738963699111783,0.19514470506753698,0.13400407492036237
Istambul-falnsez1,-1.5056216863350198,0.04104367671479404,0.6468146502290354,-0.15097790598619112,0.02673846864544971,-0.27971208223380195,-0.14934830657523407,-0.24674522523791417,0.0034663007749119444,0.1811240075803608,-0.04301223182516831,0.030425551991636844,-0.030392114729189748,-0.17288818009419987,0.11631010755021615
BrainLat:CL-sub-30019,-0.2941383868126808,-0.05087946600020726,-0.2601460023776777,-0.015346411867266143,-0.33601000474844356,0.04796221912750962,0.05383283849136094,-0.10239277204802616,-0.0724882579475421,-0.164904106090307,0.0675409952867622,-0.03733584626121441,-0.0686657065623507,0.018204348171713472,-0.04257312370107043
Istambul-falzsah1,1.5324254408322104,-0.6405725507948364,0.30854847736534974,0.5079424368405258,-0.4248914436662687,-0.15082390713245522,0.05164450493904964,0.4412525470165807,0.0027917819271032415,0.22941675830789887,-0.1841274398670313,0.2386522093263348,-0.02881622011883787,0.05521578247904523,0.029475056996171985
Newcastle-112,-1.0707860887048126,0.2526403002300973,0.9790565940853102,0.10375885586496848,0.08305691052672473,-0.2008569542649094,0.03909734391060851,-0.04440718701172973,-0.3402414944173963,-0.24177908052900515,0.12520073556912437,-0.10649028628299231,-0.12924829691062825,-0.04458110635231157,-0.031038419304382406
Miltiadous-33,-0.6238942540860991,0.06345760877508361,-0.3223508112872542,0.2823625489663427,-0.015580260776784698,-0.10761821677379964,-0.0753114526106139,-0.05754317258298569,-0.02012154606352126,0.05448399344263295,0.05521286139592666,-0.011505135665084223,-0.07735375306291531,-0.10185448197629386,0.11180866016579777
BrainLat:AR-sub-100022,0.26162642568603134,-0.11760562780905102,-0.2883641789890995,-0.02421205323118893,-0.2710937510781267,-0.09486649947801185,0.14984824799454494,-0.17943224678993333,-0.08042115256218238,0.06622465777806895,-0.055660124248705756,0.22017533177141033,-0.09250898567329267,0.06309602781499815,0.05270482211573743
Izmir-151,-0.006994734672243188,-0.2521366967788365,-0.030440282665906232,0.054649604076574834,0.32832326043129445,-0.050113177614615236,-0.02894106713600802,-0.19343401989310985,-0.130928762454894,-0.005512612321377305,-0.18201302333347183,0.07919006368092092,0.05645816712157272,-0.03432603796191131,0.051944730824469376
Izmir-48,-0.006994734672243188,-0.2521366967788365,-0.030440282665906232,0.054649604076574834,0.32832326043129445,-0.050113177614615236,-0.02894106713600802,-0.19343401989310985,-0.130928762454894,-0.005512612321377305,-0.18201302333347183,0.07919006368092092,0.05645816712157272,-0.03432603796191131,0.051944730824469376
Miltiadous-50,-0.40924857584932617,-0.28942493227910326,0.05642159988591827,-0.5031576839094128,-0.26454721272389015,0.10505107082850622,0.036792940875360614,-0.12962674279022335,0.2804110057750295,-0.033643015679108615,0.02529099285037283,-0.028560956217303528,-0.12798293567853272,-0.0742083540360535,-0.12295295308605585
BrainLat:AR-sub-30022,0.5875034469831726,0.757781795904848,-0.01857710743996191,0.16596160583349429,-0.29936145760180777,-0.09011303061416488,0.05675791933589407,-0.07826851954255126,0.014087703650168136,-0.018252136382836164,0.1040834067696875,0.2034560635733524,0.09504246760502699,-0.09276440799319478,0.06687168679219671
Miltiadous-59,-1.2549765033330547,-0.8655194097018872,-0.03679529303671599,0.29639636688545656,0.12628710008825858,-0.12983753197561088,-0.10323796173623136,-0.12797589422020875,0.21406763117007546,0.11897742537179426,0.33744826289185614,0.09149035755991895,-0.01555378110478836,0.06493463882710415,0.28221484834084754
BrainLat:AR-sub-100015,1.4218219302757675,0.1846571745315231,-0.35140800556456103,-0.03198605648909279,0.07035168356229202,0.13197429219326023,0.5678882657697135,-0.1527562718121464,0.02475190273802134,0.09768493625919208,-0.24839717935317557,0.09839297895730509,0.10238803647465593,0.026927878669579568,0.13965550813554206
Izmir-118,-0.2238322177184208,-0.8956197416248419,0.09008369095006731,0.2198056890824022,-0.09870332497515433,-0.0028607656905820927,-0.10687019018679604,-0.05068848420355017,-0.09060315626237357,-0.06348348257956807,0.12938920407118348,-0.06201560412874449,-0.016915374965068706,0.006562200588126597,-0.06003845775838965
Istambul-falmgun1,-0.7483715983873762,-0.21873227877913326,-0.17745035344560295,-0.3766212577496042,-0.3065930515206894,0.10459271337448933,-0.043595224187439045,-0.3327385842983912,-0.07748346674960328,0.27826541677399846,0.18444982079698022,0.0034531505502417652,-0.09043550740513209,-0.041147865779918906,0.059372432931755315
Newcastle-66,0.3694400450965152,1.3718965862027035,0.3634067998781088,-0.06401570787701573,0.8200282406978023,0.06147948387998246,0.19101204254229437,0.18157952986228168,0.3052188639247208,0.2623950201806687,0.19458525246684483,-0.14732043828261143,0.34264812310964654,-0.0805090088219443,0.2176701186074989
Izmir-149,-0.9114168915016856,-1.1002939134457888,-0.14301238453351944,-0.07244534053259283,-0.04052459518541279,0.1115603932791363,0.05810919830422286,0.26938414843224584,0.004189624360537126,-0.03392298195054644,-0.04860262380716461,-0.07010936226900381,-0.011491784704129369,-0.021134269803953804,0.09768065155237389
Newcastle-65,-0.0674973573665454,-0.07542987616256361,-0.08962822279130027,-0.5110680751203169,0.251741097395133,-0.05070925159752514,-0.06073091106564923,0.04740021295855461,0.23750904827592004,0.01244770953069647,-0.21733688933706946,-0.08182225996331383,0.144899311048612,-0.07802575261776641,-0.046783007432076966
BrainLat:CL-sub-30016,-1.1455097758271755,0.1538472068888799,-0.05114443592055292,0.12632964501243835,-0.06976853570499107,0.13413050576988111,-0.03497854232191277,-0.09015445754174892,0.11115554039338066,-0.0505027611036282,0.20357464709706907,-0.05685001157607185,0.04446517239236834,0.09275616684538937,-0.02365868999130953
Istambul-feykar1,0.22751076640679974,-0.4606219624308758,0.21511219588780878,-0.6279519062715992,-0.06397614280895053,-0.24205078234613198,0.03987660045590101,0.2754814795327822,-0.30160309852853756,-0.14158296931619177,0.11845965690273823,-0.10557680188874159,-0.0032657352807392978,-0.04782930886659227,0.013238863127573818
Izmir-28,0.49950297168119834,1.9563099622110869,0.979260682176577,0.9538100364025989,0.4538806877983555,-0.2670076532020233,0.45593482180590744,-0.2678458944210687,-0.08065004200236395,-0.39054993861886295,-0.08644614157157729,-0.09253914882749009,0.08919134273061655,0.16903101722451955,0.08720548882565776
Istambul-falmyil1,0.9499621166696673,-0.18155497410714325,0.011704514262580831,0.6856222121073979,-0.1615644072604028,-0.0017596863813908992,0.4848820557530703,0.13714224282846663,0.10346254527314608,-0.08498744983014023,-0.09063243756472429,0.0382820752294267,0.02298108394170907,0.27823520420489745,0.049390161873022545
BrainLat:CL-sub-100011,-0.052756908036742184,0.5301852490043132,0.5181896733512426,0.19506057708602506,-0.10839551225262997,-0.24861381595869983,0.09701688088616568,0.18322291257830325,-0.20807564416775776,-0.05793151848058094,0.07777052440902164,0.09413982160892702,-0.04208815827392894,-0.09912526414431776,-0.03695489305812257
Istambul-falmedi1,0.02455326518313637,0.712922046855276,-0.2598429810118682,-0.600984476888744,1.1478463639833005,0.28750078221122616,0.03818282663810834,0.049097065584007775,0.02485190146875075,0.286174133505278,0.2915157191841331,0.4311690768630625,-0.04549623669900448,0.08653116769792969,-0.20241030605773006
Miltiadous-2,0.9170168454866313,0.2939582091388705,0.06474940014938531,0.05559929502195192,-0.38821031627839153,-0.01106658882778264,0.024270342056507042,0.07615093346528795,0.10410311514231647,0.07915515492923828,0.33594440907017253,0.2612613734104088,-0.04226786471015046,-0.1000106737885368,0.044082570763361965
Izmir-126,2.7559143268278943,-0.49572273463343997,-0.03212513475669812,-0.7770740876023262,-0.17687482823340436,-0.3441708027158268,-0.5927487216062141,0.5398943161012416,0.11729699415261707,0.048819277558628034,0.036784472353918934,0.20542913107054192,-0.3362390944023962,0.18136560361243295,-0.02258540351036927
Miltiadous-57,0.9281305260951791,-0.31562093096794797,-0.07125695243112909,-0.2178193569739059,0.5433998198614645,0.5119315604981678,-0.11489481526084307,-0.22700037476691412,-0.18418239456928892,-0.0873110848229581,-0.011132195875187826,-0.024802972216320888,0.14109286116570818,-0.05590110399463458,-0.09000253928068803
