y,yhat
17.75,19.43845471509425
8.916666666666666,17.55015221909617
15.166666666666666,19.02923216598847
12.833333333333334,20.55885211772116
8.666666666666666,21.95922704327637
10.916666666666666,20.46898918163424
13.416666666666666,22.297774328939102
9.75,18.700785469666823
7.916666666666667,17.793072280577267
15.583333333333334,18.693241971636088
16.0,20.7203566865575
8.583333333333334,19.11459680429277
15.25,18.51429203381987
11.666666666666666,20.04201335088466
17.333333333333332,22.877254289340982
6.5,15.049758403384214
15.25,21.255907118885006
15.583333333333334,22.33701178171937
14.833333333333334,21.344518628167265
9.583333333333334,18.961524473186977
13.833333333333334,23.638921407644535
8.583333333333334,18.96037356487021
8.333333333333334,20.629353919045784
14.833333333333334,18.59123895864068
13.833333333333334,20.875848838661113
8.75,20.18866789009867
15.416666666666666,22.963425407567634
11.0,16.123408966157676
12.083333333333334,20.547066783792317
8.083333333333334,15.335282192445764
13.583333333333334,18.549842898229585
11.916666666666666,22.428212678925984
13.333333333333334,20.072457710496064
13.833333333333334,18.883741354219797
16.166666666666668,21.51559240621675
12.833333333333334,21.840149443311674
9.25,17.092647255489183
9.583333333333334,19.424450313025734
17.416666666666668,20.103601389428746
12.75,18.458246329444997
15.916666666666666,23.17165588614727
12.916666666666666,20.367799891691924
4.166666666666667,17.630426363004332
8.0,20.959414444330196
16.083333333333332,23.7249505280978
15.166666666666666,21.704903956203278
14.916666666666666,23.59698045718123
19.333333333333332,20.526117653478988
13.5,23.36052506329336
14.833333333333334,22.787490364420535
9.0,20.727260379740347
10.75,22.6952340623976
12.833333333333334,19.985929319711943
7.916666666666667,20.81079667253195
7.083333333333333,17.49208910365066
17.833333333333332,22.791950601771582
13.75,19.294764889024492
13.5,17.93420004418708
15.833333333333334,22.113954749660596
8.75,20.147172842001655
15.0,18.160236844995246
14.416666666666666,20.34976998916259
9.916666666666666,19.146069610173328
16.0,19.280760946160513
10.083333333333334,20.871532661456865
10.333333333333334,17.76754642148443
12.25,20.095198062313635
13.0,21.374079493131823
11.0,17.922725192704632
9.5,20.630642224189966
8.75,17.704287378580695
15.833333333333334,20.281186759536272
17.166666666666668,21.920416859484515
13.25,21.548747948084475
15.75,20.588301824839327
13.083333333333334,20.570656064073592
11.25,18.62592755874089
14.5,18.872185605613417
14.25,22.57503065217263
12.25,17.67719624341242
8.25,18.269862911546966
12.083333333333334,16.63186744477481
10.916666666666666,18.49346606950831
9.416666666666666,20.326538956620478
6.833333333333333,17.74436908921928
5.833333333333333,17.350715714752003
15.25,17.95702255242188
14.916666666666666,19.341325285571937
11.833333333333334,20.15367122878155
11.083333333333334,18.686483475542136
7.416666666666667,18.56159760362679
16.166666666666668,21.620965349374508
17.666666666666668,22.587839030824313
6.333333333333333,21.00162195646052
17.666666666666668,22.38465106880219
13.583333333333334,20.531371003508525
10.916666666666666,17.72432303458355
17.916666666666668,21.933036899156612
11.75,19.06967168746294
12.416666666666666,22.086075636123127
10.916666666666666,20.24454225545176
13.916666666666666,21.860520097184047
15.333333333333334,22.23269762758427
17.583333333333332,22.359419615060922
17.166666666666668,19.745992683702454
15.916666666666666,21.354256589403526
16.666666666666668,24.796618867689073
15.75,21.33438644416669
12.416666666666666,19.10187444475612
13.583333333333334,20.73450033278682
16.916666666666668,17.89385120803115
11.0,20.44340093414703
15.083333333333334,23.129567916760852
17.583333333333332,18.26257366536147
7.5,18.167273192710674
13.5,19.964461491717366
15.916666666666666,20.6167354378003
5.25,15.398715683263596
10.916666666666666,19.02224682987841
17.25,23.32315473239494
10.666666666666666,21.932136053095313
12.166666666666666,19.051504311561843
10.25,22.80162732072807
7.583333333333333,16.882330700404797
7.25,17.129152153362252
9.333333333333334,16.62817576389705
16.666666666666668,20.85873329802669
12.333333333333334,20.830027357582555
6.833333333333333,18.458837818393413
13.333333333333334,21.21983290101991
5.5,17.173385617155144
15.0,23.336226241593874
15.916666666666666,19.824971004768575
16.166666666666668,22.893974182411743
8.666666666666666,18.131701604070454
13.666666666666666,19.148340583281847
7.5,20.535258422596964
14.416666666666666,21.338872902737023
4.5,15.822579342445168
5.75,17.831676256012088
7.416666666666667,14.603996748174227
11.583333333333334,20.329453051293395
14.916666666666666,22.074333527436174
12.25,19.51029316475363
13.083333333333334,22.420478472113448
16.916666666666668,21.373793219737813
10.0,19.78516386342228
11.833333333333334,21.153555745038975
12.666666666666666,20.216618095685465
9.916666666666666,19.748734719481114
17.5,15.529368729517094
16.583333333333332,18.274639332219657
17.083333333333332,19.570974135194756
10.75,18.424741533970472
4.166666666666667,20.225485577864575
12.5,22.04210177495616
6.5,14.816619788257935
15.166666666666666,23.830052650949156
14.666666666666666,18.152140750419058
17.0,16.145052990560227
14.583333333333334,18.8255366642488
14.0,20.517175522791042
12.25,20.328997808656094
10.25,18.13994141812904
16.0,19.269053119299137
17.083333333333332,24.10200447495543
7.75,17.122004420017443
14.583333333333334,23.219513685525023
11.833333333333334,21.556606071338305
7.916666666666667,19.601398824317208
15.25,21.144132008508322
17.083333333333332,20.447232709637117
15.666666666666666,19.71435323150288
9.916666666666666,20.222343089407342
16.833333333333332,16.43728996618101
13.166666666666666,21.008246294633445
13.833333333333334,17.277927278175195
11.416666666666666,20.820854132147403
13.666666666666666,23.479057676825892
11.25,21.344839760108837
10.0,17.82157465477935
10.75,19.30787785358305
9.833333333333334,17.975542101581535
8.416666666666666,20.34720521433666
12.833333333333334,14.15634747497939
7.583333333333333,18.85705830436917
11.583333333333334,18.213335017299137
8.833333333333334,17.12413937224923
17.25,25.14481333177185
10.166666666666666,18.907795131327834
10.166666666666666,18.352664385964793
15.583333333333334,19.676855490734138
16.083333333333332,18.82081831451255
14.666666666666666,22.224226484317313
11.333333333333334,21.009104029824975
16.583333333333332,22.07065988210056
15.5,22.304052159404392
13.833333333333334,20.711452867217126
12.833333333333334,18.33966138250532
11.166666666666666,18.760554656159623
11.416666666666666,18.739010453575307
8.583333333333334,17.132940735837067
12.25,18.317513916777465
14.083333333333334,20.11746562665696
10.416666666666666,20.84131634029655
15.583333333333334,21.523167934415138
12.083333333333334,20.542774894243454
9.083333333333334,19.29838691911777
6.916666666666667,16.511119109752602
16.0,19.517808274307665
13.083333333333334,19.079890763755287
7.25,20.201508585070084
16.916666666666668,22.99090660595981
14.75,22.680620604118975
13.333333333333334,20.713238586505785
9.083333333333334,19.654033463979964
15.5,13.727091979932847
8.916666666666666,18.1224237759689
13.833333333333334,20.047601381522007
14.916666666666666,19.98512892837186
6.916666666666667,18.867060356093912
12.666666666666666,19.523299776601757
8.75,13.175352172738412
10.333333333333334,18.45246891338206
14.083333333333334,21.984739335504756
16.083333333333332,19.882516794131877
8.333333333333334,20.70753105199296
6.5,18.14707480359647
8.666666666666666,17.647717262662884
13.583333333333334,21.02962228010497
9.083333333333334,15.87632160234171
12.666666666666666,20.717596726747512
10.166666666666666,14.725911584580665
15.583333333333334,20.268065011628547
17.666666666666668,19.551547405641358
8.666666666666666,18.935461733119805
6.75,16.220325930600858
5.166666666666667,15.325393790806576
11.833333333333334,15.047055021941041
12.083333333333334,22.179238424948046
17.0,17.96386672747933
15.833333333333334,21.162649114262436
16.666666666666668,20.278134239975145
17.583333333333332,20.972356106548983
17.083333333333332,19.920342488752002
12.75,19.788467418722774
16.25,22.004092605508283
12.416666666666666,18.899078104343612
16.666666666666668,14.985097457255735
13.083333333333334,21.880906890489076
15.666666666666666,19.878992631337624
8.25,16.55796801679493
15.833333333333334,22.37631049104587
6.333333333333333,16.730673759447917
14.166666666666666,21.727254385006706
16.25,22.04409276097529
8.166666666666666,19.24611405505848
11.083333333333334,19.281863018526828
11.583333333333334,20.379573029741167
9.0,22.944449992094977
14.25,21.9019074623521
7.916666666666667,16.48159157725266
8.583333333333334,18.51325965338055
14.75,20.0072458527303
16.166666666666668,20.21248529704126
15.666666666666666,20.32712280897765
12.166666666666666,21.701693350480454
16.25,19.06347288003649
11.166666666666666,20.5866563787429
12.833333333333334,18.35873987207975
16.583333333333332,19.829197968743124
15.25,20.868497056628563
6.0,20.214145134024236
7.5,18.20296943449087
7.75,15.818464617044398
17.166666666666668,20.674451173280268
13.25,20.10378081102205
10.833333333333334,19.51464272599084
13.416666666666666,20.76148896265117
5.416666666666667,12.640500996540231
13.333333333333334,18.421848386969206
16.25,17.609114054025294
16.583333333333332,24.413635711842858
14.333333333333334,20.216431176025456
12.083333333333334,18.09243910198035
15.333333333333334,16.813607121890307
13.333333333333334,18.053202306602937
11.5,17.925505002701343
16.666666666666668,23.69794174387012
16.25,19.118707923114947
9.333333333333334,18.712983085840314
7.5,17.44189498101374
9.166666666666666,21.103051429347005
13.166666666666666,21.363945704058697
15.5,21.94712447753583
9.416666666666666,15.738132229214663
11.0,15.875370705830521
12.833333333333334,18.974279595095016
9.25,16.926937816277167
14.333333333333334,24.6692471342738
17.166666666666668,19.469561202116505
8.083333333333334,19.994799258512334
15.5,20.903042380071444
9.583333333333334,18.167989233893902
8.666666666666666,14.894413102770736
8.583333333333334,20.001006774121514
11.75,17.537409287392293
8.083333333333334,19.032189998972875
12.083333333333334,17.608635447053498
14.0,19.26459322581128
13.25,16.88314738398442
13.666666666666666,20.707371533247382
16.833333333333332,23.430157583395452
15.416666666666666,20.641925851579852
12.25,19.549827729242477
7.083333333333333,20.56200890169352
16.583333333333332,17.948478253995912
11.25,19.646354272699494
17.333333333333332,19.618922166458262
14.75,21.19130199214649
12.333333333333334,17.303334035505138
17.083333333333332,23.821184968920797
13.833333333333334,14.763044216753418
16.833333333333332,21.647533086398052
15.25,23.323670425421675
15.416666666666666,23.107328465345947
9.833333333333334,18.813478358230146
13.25,21.39204963831885
10.75,20.863223215455857
16.25,20.1523301746309
10.416666666666666,20.784538466757436
13.416666666666666,18.0039621836256
14.25,21.074012521962775
7.75,16.381374183020302
7.416666666666667,18.483144349151598
14.083333333333334,19.334635760181243
10.5,16.911688739554087
8.666666666666666,18.96359686153762
9.75,19.790406126109733
5.333333333333333,18.587068026990618
11.666666666666666,21.27598199236849
7.666666666666667,18.224857978228055
17.75,21.867035943556484
7.166666666666667,18.805662585946433
8.166666666666666,16.730165932489783
12.0,19.931429253228597
16.666666666666668,21.29638805650268
14.5,20.287417382614734
13.333333333333334,18.16233243929666
16.666666666666668,21.665698349628702
10.416666666666666,17.373570297910568
14.416666666666666,20.143325553585914
7.166666666666667,19.037324939108057
14.166666666666666,22.100421634159837
15.666666666666666,19.75315781428224
17.916666666666668,20.356635655838904
7.333333333333333,21.20451351354792
9.25,18.994925016381117
16.166666666666668,18.914484026514337
16.916666666666668,23.429702950004838
9.75,20.168726987420133
13.916666666666666,22.307220747284656
13.75,18.96247611596077
14.916666666666666,22.24529580699496
10.25,18.026525619365326
17.75,20.623948333767157
15.0,21.792648690398348
16.083333333333332,21.663967199631138
12.583333333333334,20.423549149144034
6.5,14.613367174036185
16.5,22.97080130483712
17.583333333333332,23.3356628154956
10.416666666666666,17.121328254008294
15.416666666666666,16.916648086094096
12.916666666666666,21.860377469209062
14.5,20.42547700589731
6.166666666666667,15.121958844022288
8.583333333333334,12.527773301201902
8.166666666666666,19.41641827921327
12.25,20.82563195629478
8.75,21.094049289315375
15.75,21.346202922988986
10.083333333333334,18.40444832923271
16.083333333333332,21.3530431520551
17.416666666666668,21.143880735051777
14.25,16.82727042002887
12.25,20.746773078945065
16.416666666666668,22.5745350399146
8.416666666666666,18.74984886449979
7.0,16.649157134659745
6.5,16.900138066868315
12.5,17.519711421474142
6.75,20.8800268203047
9.333333333333334,17.755221101540545
17.666666666666668,22.575376368414698
6.0,17.961610378858172
17.083333333333332,19.70186325512971
17.25,22.611201913519263
17.416666666666668,21.05719469362488
17.666666666666668,22.47251906966552
11.916666666666666,18.98043131103712
10.916666666666666,19.096411541838393
6.166666666666667,16.502782422499493
5.5,19.90988074689993
13.333333333333334,20.93248084476658
8.666666666666666,15.084551641706112
15.583333333333334,21.237223271173875
10.0,18.645266631037323
17.166666666666668,17.35981608325805
10.916666666666666,18.435501897129544
15.833333333333334,20.50908397816444
16.916666666666668,18.229793728260333
12.0,19.4983792337044
4.166666666666667,15.322935926025593
7.833333333333333,17.944094532494372
9.333333333333334,17.398839103694296
15.916666666666666,19.27352024054002
17.666666666666668,23.193482177251852
15.75,19.50129259090206
9.5,17.212725514250337
4.333333333333333,15.338614345452037
16.833333333333332,25.267487147650055
14.583333333333334,22.941358382130336
10.166666666666666,22.489425450736114
9.333333333333334,16.24594066372169
13.916666666666666,16.98042173762356
15.75,22.439753955152536
10.75,22.13020926637767
9.083333333333334,20.84709276902116
14.333333333333334,22.7357299953789
9.916666666666666,21.094863370894036
16.166666666666668,21.375315538760958
13.75,23.898731340553
13.666666666666666,19.336767848025964
15.833333333333334,19.818287551662124
16.416666666666668,19.707481658161864
12.25,21.69751499447399
13.166666666666666,16.969226560755526
15.166666666666666,18.946642064462704
7.5,18.54719793552708
4.5,18.253974690666606
13.666666666666666,22.97535062934567
8.666666666666666,15.202310944370629
11.333333333333334,17.23457629103583
11.833333333333334,19.357846974903836
5.666666666666667,18.462697091640475
17.583333333333332,21.32511173058537
15.166666666666666,20.478850733725675
8.166666666666666,18.828431578617998
15.083333333333334,21.19916506983267
13.5,22.323429748114563
11.833333333333334,17.862340494801444
9.666666666666666,16.511859126701818
14.583333333333334,19.415426717386538
13.083333333333334,18.981443081434385
14.166666666666666,21.461026936117864
10.583333333333334,18.646557323642064
11.333333333333334,17.830968162172624
12.0,20.201502831018118
11.583333333333334,18.565852820722757
13.75,18.246337180667407
5.0,16.097276403050166
15.083333333333334,20.091052628682093
14.833333333333334,24.029286552179574
10.5,19.67327636975604
12.75,22.37094378388074
14.083333333333334,21.090851595234607
12.083333333333334,18.940501482454387
16.25,22.119234121020817
7.333333333333333,17.158788463764278
17.916666666666668,21.364554467900334
8.75,18.233487631045378
12.333333333333334,21.7759779404475
9.083333333333334,17.3713167137949
15.666666666666666,22.641845266304813
17.0,18.88464841320978
16.5,14.438952316007006
15.333333333333334,20.127693642426024
13.75,19.904434080122503
16.833333333333332,24.902888257477294
9.833333333333334,20.535712062140806
16.833333333333332,19.998475336891786
11.75,19.110776853004225
8.916666666666666,12.678362635226167
13.5,19.19045651185559
17.333333333333332,21.509714052747366
13.083333333333334,22.225011712984482
14.5,21.93944762756011
15.5,19.26701906078505
15.833333333333334,20.15597939607801
16.75,17.479724160741963
10.166666666666666,22.234640089116304
17.916666666666668,21.86504243083266
17.333333333333332,22.55561599785629
13.75,25.09544453460056
15.916666666666666,20.273724096323477
7.5,15.323947934420591
6.833333333333333,17.042191907967776
9.083333333333334,17.55310043945999
3.25,15.54765087891044
17.5,18.089946574881868
16.5,22.390558735264733
14.083333333333334,24.296648047986928
10.666666666666666,16.807464525632916
14.666666666666666,18.926619690137766
8.916666666666666,18.496595746839894
5.0,16.921448636379147
14.666666666666666,19.80323700118015
15.416666666666666,17.11169117610939
15.333333333333334,21.95954382090914
13.666666666666666,22.75214962839958
12.833333333333334,22.131815527333014
15.25,19.96340460375408
12.0,19.141058998134472
13.416666666666666,22.506329062794798
11.916666666666666,21.099106528635772
9.583333333333334,18.540322485938848
17.083333333333332,22.569234886874455
14.916666666666666,22.292371764469014
18.333333333333332,20.500014630351664
12.083333333333334,22.646368359012442
15.166666666666666,21.027981350187652
7.333333333333333,14.908867323939887
14.416666666666666,20.00458053566353
14.333333333333334,20.407097575268484
17.0,18.501636686139996
14.75,22.170384572941742
9.083333333333334,20.935560678823173
15.0,17.623210504763943
14.166666666666666,22.477386174945043
8.083333333333334,19.02010312478267
4.083333333333333,14.4654404862905
13.166666666666666,18.674174269164443
7.166666666666667,18.039456569851733
11.916666666666666,20.25177574633793
16.666666666666668,24.310818856329462
17.666666666666668,20.846158630941456
15.416666666666666,19.167414038600167
8.083333333333334,19.561226787218093
13.25,19.811725480709175
11.5,19.096131905158533
11.833333333333334,19.531871227593925
16.083333333333332,25.142636508455627
13.5,21.168756908187348
17.166666666666668,21.319306026452338
15.833333333333334,18.00039239582131
13.0,22.03611574894261
17.416666666666668,21.49350961719541
16.833333333333332,23.228957134960233
14.833333333333334,22.250572811639763
16.333333333333332,23.580780221773136
8.833333333333334,19.7046073011376
11.833333333333334,20.407588852920767
12.5,22.177136600804204
10.833333333333334,19.210295977905247
17.416666666666668,21.171159575490634
15.583333333333334,19.68626484983557
11.166666666666666,18.53854987308485
13.333333333333334,19.535457092074516
14.166666666666666,23.909322583758964
5.916666666666667,17.270895329448482
17.75,24.356493156727648
17.166666666666668,22.26793385854378
13.333333333333334,21.199424863026593
8.5,17.11464994929063
10.583333333333334,18.38144434684834
14.333333333333334,20.541635191755326
10.583333333333334,21.79911774761004
14.25,17.89357053085587
15.833333333333334,23.728397455848228
17.416666666666668,24.21214027103015
14.583333333333334,22.06742956935934
5.916666666666667,18.5155891604062
10.416666666666666,20.59879584124266
5.583333333333333,19.665291027848458
10.666666666666666,21.94848894037373
15.0,17.238184459382207
6.416666666666667,18.679924338463877
12.583333333333334,15.858507850605774
15.166666666666666,22.11958275263142
14.583333333333334,22.003025193722305
13.083333333333334,19.18761312566635
17.416666666666668,19.62914660825039
12.0,17.954291414288278
13.5,18.982641816778973
15.916666666666666,22.843964602032624
9.166666666666666,20.555339482519795
8.833333333333334,19.175218201366533
12.083333333333334,20.350267431736267
16.0,21.627084411645292
9.25,14.350232806530801
5.833333333333333,18.06262087989286
7.416666666666667,18.078594258495965
9.916666666666666,18.581031907797087
12.75,21.34831942660478
11.0,20.85941722221874
11.416666666666666,18.821038515699275
12.0,23.800880945731198
8.833333333333334,17.619780233495057
4.833333333333333,19.154450090165856
7.916666666666667,17.375868885344296
15.666666666666666,19.11486839322424
8.75,19.427260904134105
15.166666666666666,20.54857949899071
14.333333333333334,18.902796527862648
11.083333333333334,21.148927662155774
13.75,23.847129036351024
8.416666666666666,18.303043661344716
7.75,18.609239612528015
13.666666666666666,18.94473151054009
15.166666666666666,21.080166716083326
11.666666666666666,19.171353796263983
17.75,21.10231098158908
16.083333333333332,20.82747327071978
12.083333333333334,17.05317622081905
8.416666666666666,20.359160072554864
10.666666666666666,19.270859002191838
7.5,13.663220641091188
7.0,17.95511831324568
11.666666666666666,20.95981549342463
13.916666666666666,21.849580538809832
17.083333333333332,23.143528624952417
13.666666666666666,21.459984633522073
10.5,19.7467597940171
16.916666666666668,22.39999412715357
13.166666666666666,19.067181023866166
12.666666666666666,20.196161134812765
14.583333333333334,18.36800134707809
6.25,18.128582601893445
7.0,17.90074598111807
11.75,13.626189389000224
17.25,19.995821190699232
14.416666666666666,21.1568741255335
17.916666666666668,21.669564432359635
13.25,24.0775128565732
8.166666666666666,20.274806065748074
8.0,18.89489170745343
16.583333333333332,21.696602614522625
14.833333333333334,19.10855892778871
10.666666666666666,17.932185616457577
16.916666666666668,21.57979476590249
15.166666666666666,20.419997696735486
7.5,14.41384634828874
8.833333333333334,19.67277238687741
9.666666666666666,21.197277210067075
8.666666666666666,21.099578132200147
9.666666666666666,16.234298910895795
16.5,20.601859002578855
10.583333333333334,20.61840324243493
11.666666666666666,20.91306519902265
14.416666666666666,24.857872922850355
15.75,17.78813682920317
13.166666666666666,19.669434771984477
10.083333333333334,16.361622228319018
14.916666666666666,23.420901024739774
17.5,21.461735223764435
11.666666666666666,19.76953668904837
8.666666666666666,16.07678224084707
6.666666666666667,17.235367883447882
15.416666666666666,22.86006529751252
15.666666666666666,19.740414343119912
17.166666666666668,21.679986900320863
14.166666666666666,18.62595616903393
6.666666666666667,18.641780327308272
12.75,20.021374549169792
15.583333333333334,20.92731710202268
16.0,20.733225806846324
11.583333333333334,16.318877932014196
10.5,21.13467157682117
17.333333333333332,22.045290446287815
14.166666666666666,18.128826749563313
17.0,17.02751902882505
16.416666666666668,22.671785901119193
14.25,19.294520023697793
17.583333333333332,21.848105447657808
6.5,18.441210011492537
14.083333333333334,20.025067126906315
13.0,19.253410625801248
9.583333333333334,18.55819208173893
13.75,21.845616275631407
8.0,20.030821244259048
14.666666666666666,21.504010062854146
4.666666666666667,18.234375667630783
12.833333333333334,20.82783638707434
5.583333333333333,19.058106990054608
16.25,23.84631422471593
13.666666666666666,21.102648427597796
8.833333333333334,19.383666222336252
15.5,20.376591831953444
17.25,23.43947690972637
12.75,20.245710285409626
6.833333333333333,16.565261098675848
16.833333333333332,19.112699146856546
12.75,19.660148817919772
7.333333333333333,14.04721041669678
8.583333333333334,17.50510554069279
17.666666666666668,19.044461919589377
16.25,14.155034440984627
8.0,16.47585103079121
15.583333333333334,23.331730600561652
6.25,15.126428391581657
10.333333333333334,19.344793803541762
17.25,21.8359283891883
8.083333333333334,15.117834935730135
12.833333333333334,18.881346798232855
15.333333333333334,21.73601054055277
12.083333333333334,19.706752718965358
10.083333333333334,21.038954489977865
11.75,17.425684344236597
16.25,21.16875826764641
9.0,16.78864410100697
9.166666666666666,17.53678526120044
12.0,19.32667041485114
16.666666666666668,22.654386602876116
16.666666666666668,21.74052457684787
10.666666666666666,20.49632390949512
13.5,19.461940572818826
7.0,17.807790014540657
8.916666666666666,17.440181291229138
10.0,21.39927671112238
12.0,22.56085262235009
10.833333333333334,14.055154659782946
11.416666666666666,19.47066886521744
9.083333333333334,21.153145142496463
14.416666666666666,23.60582054618944
8.333333333333334,18.77557212696463
15.416666666666666,21.33563601676358
16.916666666666668,20.019775729877487
13.25,22.838191125748732
13.916666666666666,19.67323390214643
16.25,20.212345799979943
14.0,21.593178795534815
12.416666666666666,20.019322203104927
15.666666666666666,19.923678688512776
13.916666666666666,20.808789903902426
16.916666666666668,20.738951863189424
14.083333333333334,20.519602702647727
12.916666666666666,19.81722678755416
17.333333333333332,23.181788925489176
6.416666666666667,18.63874639071195
17.75,20.282080976242998
7.583333333333333,18.508667053041048
5.666666666666667,15.742433489764483
16.166666666666668,19.11659419188456
6.25,16.52897644625393
12.833333333333334,18.597343835238057
7.583333333333333,18.155667512385293
6.833333333333333,18.878177284208828
7.083333333333333,16.488838539018005
14.333333333333334,19.124766278957996
16.75,19.17603111394696
8.583333333333334,17.855130644583355
12.416666666666666,17.900468118306478
13.416666666666666,22.47600860622745
6.833333333333333,18.371050814485972
16.916666666666668,21.673968984500924
13.5,18.389168998313576
17.416666666666668,21.21194121942765
11.083333333333334,18.907301586328007
17.5,17.522599720456913
16.416666666666668,22.488259024009366
6.0,16.32191460436195
16.083333333333332,21.392546700617537
13.083333333333334,20.21803416235964
14.75,19.968504214761264
15.0,20.08906970666786
15.583333333333334,23.033429140369957
15.083333333333334,21.106086089487704
16.333333333333332,21.846956407316334
9.166666666666666,19.775651429245027
7.333333333333333,18.278145812174447
13.666666666666666,20.469977477548838
8.75,21.215674481976883
17.0,19.59065422468508
10.75,22.78121804687258
14.25,22.58078192353866
13.0,22.064894900502853
12.666666666666666,20.919200447672292
14.666666666666666,19.319972650684864
17.416666666666668,21.556195994254356
8.75,18.332185617757204
17.5,18.371967042939065
12.583333333333334,22.986696446568505
12.083333333333334,22.439802149701055
12.666666666666666,14.438040145180862
9.333333333333334,19.295149594813694
9.25,17.337529246260914
16.0,24.224990144538783
7.416666666666667,19.252498896148747
15.166666666666666,19.90692628163137
12.666666666666666,16.95950636840347
16.5,22.953180129457344
14.583333333333334,19.510149253801615
12.916666666666666,21.300779887273308
11.833333333333334,17.468555474353263
10.75,21.575612072625244
14.916666666666666,19.501687518954302
13.166666666666666,19.742548382353103
13.166666666666666,21.114829390815693
16.75,19.85752575399167
11.5,19.938336526196576
16.416666666666668,15.853052622429683
7.25,16.00345571136527
15.416666666666666,21.550244155394985
9.916666666666666,19.96664392951661
15.333333333333334,22.16711245525529
14.083333333333334,23.104005102497155
9.75,18.679039567403205
11.75,21.221184511743658
17.333333333333332,20.705280653852935
15.166666666666666,18.653928637609688
6.833333333333333,17.88343272223713
12.916666666666666,20.991863479323463
14.416666666666666,19.55855313750598
15.833333333333334,19.724119001569573
9.0,15.64090725319935
11.666666666666666,21.547961857245827
7.0,16.97264451165186
16.75,22.514435045920578
17.75,23.245069736708437
13.416666666666666,19.479717552365702
15.333333333333334,15.832368772610682
5.166666666666667,18.261832434940132
6.833333333333333,18.042844331266608
12.0,22.230186442480555
70.08333333333333,22.334176440723247
11.0,17.328892376995487
13.0,20.948474508042185
13.916666666666666,19.875301497423184
17.166666666666668,22.13547713434073
11.333333333333334,19.011768950063015
9.166666666666666,19.02186644291631
7.083333333333333,14.212777669771555
9.25,19.215129666484636
11.416666666666666,16.076362594571105
8.75,10.893078329398069
15.0,19.977447416995506
6.75,16.10367177907365
14.583333333333334,21.09439574408519
10.833333333333334,19.340318100775356
13.833333333333334,21.780612407670862
10.333333333333334,18.747387660342348
7.916666666666667,20.427178240026343
7.5,16.542405243266444
7.916666666666667,18.374596934251567
9.166666666666666,17.48630728666655
16.25,20.379797691995428
14.75,18.965110663566577
12.166666666666666,18.64422745002355
17.25,19.174850079157476
7.5,17.319335669076683
17.25,22.991300430807154
17.333333333333332,21.78690920427002
16.916666666666668,23.172840760997108
15.166666666666666,20.420720338896164
13.166666666666666,23.212505623705937
6.916666666666667,15.215876209818717
7.0,15.783330503541658
17.25,22.583133794526333
10.166666666666666,18.95974647284578
11.25,16.79442917770182
18.25,23.299596722580695
9.166666666666666,20.474463691785367
17.5,21.9178467216822
15.583333333333334,21.476325850815332
14.583333333333334,21.357655699855865
11.916666666666666,21.874135606573418
8.0,13.10374651739761
16.5,22.503224281714505
2.9166666666666665,16.00829669976336
14.25,20.713906836188748
14.666666666666666,20.19708526144299
7.666666666666667,20.81843371113763
15.333333333333334,21.37505446475057
8.0,21.645042401264863
11.166666666666666,20.038812733853895
17.916666666666668,20.787809431854672
13.75,21.021990524827793
14.25,20.593060998033593
12.416666666666666,18.473411853603203
7.666666666666667,17.755645584011226
12.5,19.141255060441093
14.666666666666666,20.936126685490507
5.75,16.769955171625618
9.833333333333334,19.206579217340696
16.916666666666668,18.74684599216236
14.916666666666666,26.865120945975352
13.916666666666666,19.19045897759616
15.666666666666666,21.97639289365955
4.333333333333333,18.01874835293651
8.75,18.308744708270723
15.75,21.524240369286037
14.0,17.24570504796171
14.666666666666666,22.595558765751708
5.666666666666667,15.9643413868447
14.583333333333334,21.12522304362598
7.0,17.65395931263832
16.333333333333332,22.123100504613326
16.0,18.219024433297285
5.083333333333333,16.57605281734775
12.75,21.943606420850806
16.666666666666668,22.25309089564979
10.166666666666666,19.85883961009411
5.416666666666667,17.0623617895591
16.083333333333332,19.795461181861807
16.166666666666668,19.927190439523358
8.25,20.009729978061486
15.416666666666666,23.794851295248147
13.25,19.19657342491269
17.166666666666668,20.751259237655063
7.5,19.029261527196578
16.416666666666668,24.526866704505487
10.666666666666666,19.457540513778596
14.0,22.29219237959264
9.75,20.586486725579686
15.25,20.190874010922652
8.916666666666666,20.617970302523695
13.666666666666666,20.550798033745693
12.75,18.195311078736268
11.666666666666666,19.138106521055562
6.916666666666667,15.187521461855162
15.0,20.236221510073896
16.5,20.483120953559812
16.583333333333332,21.89847443221308
12.166666666666666,20.546915212940416
4.333333333333333,21.017758613794623
7.416666666666667,18.211736839145782
7.75,21.345506216015526
15.333333333333334,21.11077150517571
13.166666666666666,20.73881381428617
8.166666666666666,20.574385601239328
15.583333333333334,19.58352829110125
9.333333333333334,13.159303119923878
14.75,21.52360471847952
5.083333333333333,18.64019612186242
9.083333333333334,17.428036851947986
9.083333333333334,18.575783658159533
6.5,16.020392379544415
6.583333333333333,18.61927974857474
14.25,20.810832823380974
9.833333333333334,20.3206126111892
9.833333333333334,19.52150460844606
10.5,20.078338614047098
12.083333333333334,21.8687627734628
11.25,20.22461005113263
13.5,19.463862969837834
5.416666666666667,18.495712578747934
16.333333333333332,20.83522733268958
17.333333333333332,22.654110331777787
11.666666666666666,18.17735502016624
9.416666666666666,16.282990297757205
10.25,20.77310365916862
9.666666666666666,19.652941764302323
15.0,18.501547363282533
8.166666666666666,20.173871523445786
16.75,23.60218546435598
9.166666666666666,17.21522635394525
10.5,15.360301974193952
11.083333333333334,21.842849214077724
14.5,19.471113424834215
16.333333333333332,22.908051075322057
17.083333333333332,26.197718674768172
10.5,16.993203965273494
9.916666666666666,21.390979646591543
7.333333333333333,16.50615786883935
12.916666666666666,22.03037329866403
13.333333333333334,23.557834082956557
15.5,18.01955863520244
9.083333333333334,19.38226219614538
15.916666666666666,22.890974570407362
11.5,17.20029066838004
10.666666666666666,20.519250729073235
11.25,21.050991072036688
9.25,19.233852731412373
8.0,15.561695566948721
9.333333333333334,16.628690968485266
15.5,22.38286724578786
8.166666666666666,20.411831845431816
13.333333333333334,21.351125435165656
16.166666666666668,20.895680591239486
17.5,22.358043540039844
13.916666666666666,21.567835089209176
8.416666666666666,21.210565719976483
8.416666666666666,19.937054393803614
16.333333333333332,19.419961466653906
16.166666666666668,20.224279012808328
7.333333333333333,12.011496343295159
9.333333333333334,19.1982260588089
8.166666666666666,19.311711359409088
9.166666666666666,21.086149029865762
13.166666666666666,19.92469038539628
8.25,21.27545374215912
17.166666666666668,22.363640679613166
7.916666666666667,18.688978912530605
14.0,21.53542350032415
13.916666666666666,20.04904618149565
13.416666666666666,21.649478668415547
9.333333333333334,19.107915731238663
5.0,14.62284467798215
16.833333333333332,16.8369442435467
17.833333333333332,23.231747539705946
7.666666666666667,20.769907432754792
6.416666666666667,18.090949650813272
14.083333333333334,22.1487116325144
15.0,19.29646474745771
14.25,22.995005790300244
13.083333333333334,19.683828123600037
13.333333333333334,21.38014675565211
13.083333333333334,20.215307102461207
17.583333333333332,21.861841310492046
8.083333333333334,20.11446210776604
17.916666666666668,21.907611049681954
9.166666666666666,17.90064390540593
14.25,21.54319469360511
13.083333333333334,21.984441678852527
10.75,19.908674859308203
15.5,20.5419105001133
6.25,18.65247141416161
8.333333333333334,17.157376872386834
7.916666666666667,18.67667576372336
10.666666666666666,21.07320205791938
8.666666666666666,21.538896461803347
17.333333333333332,20.15063910806489
12.833333333333334,21.691683769926698
13.333333333333334,14.989620379913132
14.416666666666666,21.398722730959005
15.166666666666666,19.840127397745462
13.416666666666666,22.49854258488234
15.25,21.997531302975396
6.416666666666667,17.71454645905901
5.333333333333333,18.489210386582634
17.583333333333332,19.015640010817926
17.416666666666668,23.713569124389814
14.666666666666666,21.272008301661202
10.0,22.22394784152628
8.916666666666666,16.84031512976098
14.583333333333334,18.556871420255533
9.416666666666666,21.96085024174259
17.083333333333332,17.090073781132084
15.666666666666666,18.21575436427293
11.75,19.113678429837574
16.75,23.700900921947255
9.5,19.862360624734105
15.916666666666666,22.991387031376366
13.583333333333334,19.722579719599764
17.333333333333332,23.27893246888955
14.25,21.80690913285154
15.25,20.509015490543568
11.25,19.671170003471147
15.416666666666666,18.918296565239373
10.083333333333334,21.370766957371647
9.416666666666666,19.619199674917716
8.5,18.235007869655796
12.166666666666666,19.099459317488126
16.583333333333332,18.884480993678704
10.666666666666666,17.094184049117782
7.333333333333333,19.080435885140044
6.583333333333333,16.93934162980153
6.916666666666667,19.645624995104935
14.0,22.493064934269565
10.083333333333334,20.442902413618295
14.333333333333334,21.243447243094458
11.25,20.98430196087383
7.416666666666667,20.366570221437144
11.416666666666666,20.645101765249333
13.25,22.816055206910264
14.083333333333334,19.798909485310457
15.833333333333334,19.235736424387582
7.666666666666667,19.69474494687766
8.333333333333334,19.496879293018043
9.416666666666666,17.49849416664872
8.333333333333334,17.17690929065991
13.666666666666666,18.696421225839035
14.583333333333334,22.742650456255383
14.333333333333334,21.16329429207397
13.5,16.564789165860084
11.333333333333334,18.776963677624945
8.5,18.966945724485438
11.5,17.388754475257073
13.416666666666666,18.721699164820386
9.083333333333334,14.295059963418996
13.0,19.43304681475194
11.5,17.81827205758714
11.333333333333334,20.13185516650155
15.916666666666666,18.853540529280984
10.083333333333334,20.079831776091304
7.5,19.740174385923382
14.333333333333334,20.08652856216074
7.25,18.001940898336002
11.083333333333334,20.412074231395433
9.583333333333334,21.59869360194915
12.333333333333334,21.62428793335491
13.083333333333334,20.892049561177707
11.666666666666666,21.696806889976006
7.916666666666667,19.767624905320872
13.5,17.390464425696425
7.25,16.63669319873861
16.166666666666668,22.28959127241544
16.333333333333332,18.940634478699636
9.166666666666666,18.53653341982993
10.083333333333334,18.42343145740681
12.666666666666666,18.75471388557342
8.833333333333334,17.992797315326968
17.833333333333332,21.410314466417244
15.333333333333334,17.68867804845741
11.5,22.261386545360505
15.916666666666666,18.363289112419913
8.166666666666666,21.358552452560666
7.583333333333333,15.210339757447617
18.0,23.319286854080595
5.916666666666667,13.715515038304542
15.083333333333334,18.67159136007668
13.0,21.207388303903922
17.0,17.682584080015
9.75,20.00769118443844
16.0,22.521892826260558
11.166666666666666,21.034342515037423
8.083333333333334,20.472017515656194
10.083333333333334,20.080055428915834
16.5,20.071663911489278
15.25,19.19578266518649
5.083333333333333,17.546820823080985
7.333333333333333,17.326044748299847
15.083333333333334,19.630739643639078
12.75,17.78689124753821
16.333333333333332,20.290473283736954
7.416666666666667,14.62454625191412
15.333333333333334,18.588681350873962
6.666666666666667,18.43677330571118
8.916666666666666,17.891583952905062
6.5,18.48244069507649
13.833333333333334,20.01417470320631
11.083333333333334,20.802709674154038
14.666666666666666,20.92142799634152
12.333333333333334,16.82638998283951
11.416666666666666,18.845531220348597
7.75,20.11010290113611
12.916666666666666,19.631466487922474
15.083333333333334,22.76960584261339
14.916666666666666,16.289441892878603
9.416666666666666,20.059293481887764
9.166666666666666,15.760174269373334
14.916666666666666,23.037234453111
12.75,19.77960324847361
15.833333333333334,19.777254939670513
6.666666666666667,19.471665638254905
7.166666666666667,17.55705415640109
15.833333333333334,16.46895229363458
8.666666666666666,18.183521246863357
14.25,21.660618622571324
8.583333333333334,17.61722422053682
11.083333333333334,22.500391533253243
6.5,19.25764710469003
16.583333333333332,21.3576098827628
12.416666666666666,20.08424237651531
10.25,21.730800023589268
12.0,18.848401245873365
12.25,21.07072657814695
7.25,20.97714980803947
9.666666666666666,15.5977839178152
8.666666666666666,19.719516283433578
14.25,20.011657753265638
16.833333333333332,19.691614103877292
11.416666666666666,17.958169821926887
17.916666666666668,22.98672030696253
17.666666666666668,16.99865290092572
11.083333333333334,19.855403235901456
10.083333333333334,19.864360776813683
7.916666666666667,18.31083564992046
10.833333333333334,22.294348670178696
6.0,14.764353219617014
7.25,16.9709202854503
9.0,16.30162550307607
13.75,18.04952249775087
16.75,20.956532260665256
8.083333333333334,16.230394510761982
8.75,17.26734979054073
9.666666666666666,17.721380394837713
12.0,19.6588884636265
13.166666666666666,20.061150033266518
9.083333333333334,22.014303536214967
15.5,22.188017511493886
15.333333333333334,18.4655464952189
10.833333333333334,20.674192030855984
12.083333333333334,19.815636836534843
16.333333333333332,21.54599984982389
12.916666666666666,21.660010110997373
13.083333333333334,20.440685710333014
17.5,23.288982091193795
9.416666666666666,16.209790328486825
6.083333333333333,19.727212730185677
5.583333333333333,17.34692284311534
16.833333333333332,18.92270010160844
13.083333333333334,22.34156004136198
12.083333333333334,17.458827023516207
12.166666666666666,22.74647074595236
6.833333333333333,17.885962954990937
10.25,20.337199249546927
7.75,14.688826099087496
13.666666666666666,21.911491950254895
4.583333333333333,17.112161496833988
12.166666666666666,21.48981137954383
15.583333333333334,20.13724636457258
16.5,17.839081273967373
8.833333333333334,18.46595772634854
12.166666666666666,18.716964448990993
6.916666666666667,17.153149313537877
10.083333333333334,21.08207621313321
11.0,19.924779816908735
17.166666666666668,21.641719820444326
6.666666666666667,16.368350910039577
13.416666666666666,18.259685349796747
15.083333333333334,21.162198334929094
15.5,20.78764605015361
11.0,19.524289352606537
15.5,22.30488404485623
12.166666666666666,20.422419935208122
5.75,17.832026112735466
12.916666666666666,19.523569740446625
17.583333333333332,21.59835332698537
15.083333333333334,20.57554984335992
6.666666666666667,15.41885844484739
9.833333333333334,16.03636019824944
14.916666666666666,17.312089818445873
17.583333333333332,19.4729298010452
11.166666666666666,22.69300929602516
14.833333333333334,23.843825574968438
5.333333333333333,18.25704159601442
8.25,16.030102199069074
10.166666666666666,15.207931690247564
16.75,20.19819247807111
17.166666666666668,21.825686681336702
14.5,24.89108864600613
7.916666666666667,18.86538571209595
5.583333333333333,18.607600881445677
14.833333333333334,22.8233175180128
14.166666666666666,18.70034339789437
59.833333333333336,22.5368214546881
4.25,14.078199693284228
10.083333333333334,21.460273030090786
9.666666666666666,16.283668914080334
7.166666666666667,14.119429158125048
15.166666666666666,19.827294999412867
17.583333333333332,21.62825897949727
16.0,21.80044851419682
10.333333333333334,19.83922272984321
13.666666666666666,20.413009614931504
12.916666666666666,17.873607366805153
17.166666666666668,23.068365018359042
13.666666666666666,20.751163096035377
8.416666666666666,19.58175322668897
13.25,22.82558673478742
17.25,19.590364205201627
9.833333333333334,20.86453284315938
10.333333333333334,14.060495613312098
7.583333333333333,17.749578742522917
13.75,20.381550550751314
11.25,19.616238002871142
9.083333333333334,18.06289096694041
7.666666666666667,16.365343622480506
8.25,12.86483787697012
4.166666666666667,16.794590778444547
13.416666666666666,20.04510815523386
15.583333333333334,18.14070324488167
12.083333333333334,20.285667495637156
12.0,19.192489519648717
15.0,20.644491324125628
14.75,19.63854686544784
7.5,19.438627900873428
15.5,21.490087279529273
10.916666666666666,18.330969535068366
17.75,21.96817657796211
14.333333333333334,21.59687315291786
13.5,23.0164247382534
17.083333333333332,22.56353660164344
16.25,11.465933415258375
8.916666666666666,19.83938459921273
14.416666666666666,17.57933310521566
5.583333333333333,18.106336015532577
17.5,21.389191036122064
17.583333333333332,24.00718357093121
9.25,21.425089540458362
14.333333333333334,21.390451299518947
12.916666666666666,22.28280003123613
17.666666666666668,22.508279214859478
15.583333333333334,23.908281070250368
9.083333333333334,18.34599514488036
16.333333333333332,22.416857994915105
9.083333333333334,13.994248895962665
14.916666666666666,18.637594334743206
15.583333333333334,21.57415619951789
14.083333333333334,18.274839041452505
12.25,21.034438477121633
14.833333333333334,20.017310319626805
15.0,20.66050881053507
14.0,22.33055032605272
15.083333333333334,27.701796769459968
12.583333333333334,18.9902973881483
15.0,21.210396137459632
15.75,22.807814786681966
14.5,19.461383655352616
6.333333333333333,17.646761446289393
10.083333333333334,20.31393150436266
15.083333333333334,19.028269931851955
16.666666666666668,16.320703253920954
14.916666666666666,17.160421919570872
7.75,16.145394046640813
13.416666666666666,22.09597927683628
12.666666666666666,18.67641415659684
10.833333333333334,20.608997789676938
16.083333333333332,20.68249810310348
9.333333333333334,16.87298970941525
16.5,23.951948773991386
10.666666666666666,20.364201077006626
6.666666666666667,18.451357218804546
12.0,20.169743030540303
7.083333333333333,18.90394325202486
8.75,16.530584152288572
17.166666666666668,25.01061795228972
9.416666666666666,17.687852683261145
14.583333333333334,22.409996652491294
9.25,20.153653505049903
9.083333333333334,18.583090352539788
14.5,23.2322010978288
13.583333333333334,21.417266837765933
12.833333333333334,20.839276162699697
14.0,20.357448559263318
9.75,21.074810836058948
14.0,20.968384117012704
13.416666666666666,18.9843407919441
11.333333333333334,21.18016114115597
13.5,20.28619148940393
11.916666666666666,19.239886615641208
11.916666666666666,24.208833680288162
14.583333333333334,19.874606529525302
11.333333333333334,21.77328701819716
10.666666666666666,21.091169622651954
6.75,19.30348449876527
6.5,17.903962218227473
13.833333333333334,21.725511809909293
15.666666666666666,21.287831341174734
16.583333333333332,24.268333321782208
9.75,21.363455966546425
11.333333333333334,14.68870499688979
13.166666666666666,21.248102040756567
17.25,22.1568846185326
9.916666666666666,18.049488025116776
14.833333333333334,22.79518677434775
10.666666666666666,19.47988998000176
16.5,21.48332265784916
12.5,21.686137338354904
16.0,16.616465939381474
15.916666666666666,22.368344792032108
6.833333333333333,17.255016075075968
8.25,18.019290409408914
18.25,21.67097587898881
17.333333333333332,21.533511904048535
16.666666666666668,24.097469440790245
10.5,21.535019966714383
15.25,20.83520963237473
8.166666666666666,20.572334355421212
17.333333333333332,20.3284779558832
9.5,18.94656650048608
16.666666666666668,17.965911978036555
14.083333333333334,21.800507408604037
10.666666666666666,21.285966312955722
8.916666666666666,19.710316534742685
15.25,23.307447894975034
7.833333333333333,19.694551533773346
6.166666666666667,16.811189805168453
14.666666666666666,22.581162347255564
9.75,17.638776543539734
11.0,21.35550526279507
6.666666666666667,20.380640194859037
9.5,17.233686435774455
14.5,20.812422391344473
14.333333333333334,19.68370891706127
18.0,23.1812853598566
16.833333333333332,22.847272934741348
16.25,20.34915317202279
17.916666666666668,18.784043099521192
9.583333333333334,18.516154148608663
14.083333333333334,25.22856960334454
14.666666666666666,21.563770913598347
11.833333333333334,19.228176941841603
5.75,20.64359650952234
17.333333333333332,20.47227580267385
13.5,20.637750839608504
11.666666666666666,21.089952843036105
13.25,22.951814077790964
15.583333333333334,18.291734310071984
5.833333333333333,16.669174956401882
15.833333333333334,21.13481615687393
14.25,20.189033090991927
11.333333333333334,22.417004228561577
17.666666666666668,23.42708074627163
13.166666666666666,16.60485826842552
16.583333333333332,21.135563362191718
17.583333333333332,22.73331641366042
12.916666666666666,22.926357036452092
7.75,21.143506094599623
11.583333333333334,22.541220211124617
15.75,22.21961552599804
13.25,22.396768465911652
10.666666666666666,21.02581734712198
8.5,18.626008218764273
16.916666666666668,22.757984366250266
16.25,24.295515197660592
15.333333333333334,20.077448986094797
14.833333333333334,19.970020688876012
9.833333333333334,18.926837468590033
11.75,22.440080882375877
11.5,21.427529188252876
12.916666666666666,21.256351376274235
18.25,20.872556939923793
8.0,17.1478317776786
9.916666666666666,19.87563590129979
16.916666666666668,21.337999465148762
16.666666666666668,22.953341575510493
6.916666666666667,19.181472001830493
16.083333333333332,20.375970007682827
16.75,16.136392219901943
17.75,21.17507832577618
13.583333333333334,20.710535625939972
12.166666666666666,19.656516033738477
17.583333333333332,23.577249418762698
11.416666666666666,17.948896736457396
9.083333333333334,20.56300018830312
9.083333333333334,15.442966311883572
11.25,20.834571497180207
10.083333333333334,22.75203062893632
9.75,20.17341349078566
12.083333333333334,18.515399977041273
6.166666666666667,17.992978635345114
15.5,22.09192770706123
11.833333333333334,18.414408786253947
12.333333333333334,21.056117441850862
14.666666666666666,21.42255680506506
11.5,21.04085062864233
14.333333333333334,23.39200959670655
8.166666666666666,13.259278297714717
9.916666666666666,16.348357111741812
10.083333333333334,17.11332799557687
13.5,21.010419072405487
14.166666666666666,25.103145477269933
15.25,22.905838425001555
14.666666666666666,24.019280177988428
11.666666666666666,18.412635322833246
12.916666666666666,20.398496054540423
10.416666666666666,19.947203498048385
15.5,17.824377337668206
13.333333333333334,22.86423707058132
16.25,23.599543688990916
9.666666666666666,18.952274372811083
12.666666666666666,20.412146728052807
11.75,20.666161642633288
17.083333333333332,21.39679315316094
6.75,17.929339441830653
16.0,25.56113018722657
11.166666666666666,23.03793436479228
17.916666666666668,22.440144919131242
16.416666666666668,20.48126202148239
17.5,22.00401676687108
15.0,20.33251637994109
12.25,17.783787427507455
14.416666666666666,21.338487446806965
10.5,19.06016196548368
14.666666666666666,23.061252787757255
5.0,21.074562056125046
16.333333333333332,20.267880976637638
7.083333333333333,20.40208749501199
8.5,17.96675184597054
16.916666666666668,22.30536800265722
8.5,19.575222632722266
13.0,21.218452903090487
8.083333333333334,16.705164068711884
17.5,21.674436216035332
15.666666666666666,24.321738163055105
5.0,18.533097542979547
17.0,24.256177912525818
15.083333333333334,21.926463298666373
15.25,20.25498171857728
13.5,19.18348395825736
8.166666666666666,18.903092330957993
10.583333333333334,15.15681644956646
6.916666666666667,15.569036127686235
5.833333333333333,19.797213303825796
18.083333333333332,22.49959290027588
11.333333333333334,20.73448598390815
6.583333333333333,15.987888551057416
9.333333333333334,15.435975082875084
16.25,22.090596425680364
17.833333333333332,24.182754142787463
16.75,20.97358857700795
11.0,20.697195928909363
14.416666666666666,19.09431964379941
8.166666666666666,19.336534772632316
9.583333333333334,17.335597968500185
15.25,23.063831968459226
10.5,17.514320209921813
10.083333333333334,18.160333419937423
11.416666666666666,19.838646549043855
13.166666666666666,20.10527275704743
17.0,19.097819047381474
13.083333333333334,21.45611447367856
17.916666666666668,19.86782303762548
5.666666666666667,17.49993602067156
9.583333333333334,15.66743276733882
10.333333333333334,20.77598162905551
13.25,22.489143307618505
10.166666666666666,21.832066420860354
17.583333333333332,22.41011891525439
13.416666666666666,20.513002081684753
17.083333333333332,22.54126895667848
12.583333333333334,21.066979830635
17.416666666666668,21.612028092159026
17.166666666666668,19.719627057771156
9.75,18.451907737250092
17.666666666666668,20.883291372489076
10.083333333333334,20.03946243691202
15.916666666666666,20.094833703805424
26.833333333333332,25.35109651976438
15.666666666666666,20.234929737513138
15.75,22.238875277896348
8.083333333333334,19.822232812478017
14.083333333333334,16.986323035815897
8.5,18.948790062281525
16.0,21.932558976875917
18.0,19.571597786803913
9.75,16.5389093715283
11.833333333333334,17.805125545309984
7.75,19.429747101972353
5.5,18.616699571085803
15.833333333333334,23.23094119577061
8.166666666666666,18.135018458108203
13.25,17.03773150006434
7.416666666666667,15.333102318144457
5.833333333333333,17.41759988167071
15.583333333333334,20.316063126029086
6.166666666666667,19.10148965727175
10.416666666666666,20.627518862800557
16.5,23.403213538423156
17.166666666666668,24.13820077569525
9.583333333333334,21.803055913190423
6.75,18.40634285755078
14.166666666666666,21.276964911938975
13.0,17.0930578098684
8.416666666666666,20.239210606025317
15.583333333333334,22.793528191318458
15.583333333333334,21.420076449119005
10.666666666666666,18.961859487207104
17.25,22.238506147029188
16.25,20.49693321324761
19.0,22.100549860119845
13.166666666666666,20.86568204217867
9.333333333333334,19.167301304544676
5.166666666666667,17.676339666140088
8.583333333333334,20.97673988098373
11.25,17.20210385799661
17.666666666666668,20.029270192461404
11.916666666666666,18.05916052254548
8.75,15.439741600560172
7.083333333333333,18.72491559637077
14.333333333333334,18.79339462677746
12.666666666666666,20.59023703497335
9.75,17.94652190910723
15.333333333333334,19.037873822806223
22.083333333333332,23.67964009550596
10.333333333333334,19.344519732100096
8.833333333333334,13.72074509768599
13.333333333333334,20.753414946220595
8.25,17.029094206131607
13.083333333333334,20.80947972144279
9.416666666666666,21.450888221734456
9.25,17.287595893789312
11.0,21.3716189433989
6.083333333333333,18.594478083794716
8.5,18.69558983652495
9.333333333333334,18.561021656743552
13.583333333333334,20.970503600471005
16.916666666666668,23.340268995866488
6.833333333333333,16.280571421232477
17.75,22.558784125732554
9.25,17.4049256431975
17.583333333333332,22.8323289186438
7.75,16.352497114463286
11.5,20.226695376730085
8.916666666666666,18.078074901466675
15.916666666666666,17.476126913177914
15.583333333333334,18.968312962475085
17.5,16.60975258885045
9.666666666666666,18.140443582862193
8.0,17.257285219030802
7.25,17.646118687407622
16.833333333333332,23.889360391576485
7.25,18.110241586379935
11.916666666666666,20.72451720464379
7.75,19.322558528640627
14.666666666666666,21.55849352257279
14.0,21.415580504234114
10.416666666666666,18.38933670104439
7.166666666666667,16.832029483833804
17.333333333333332,23.673817675380366
13.916666666666666,19.71987668636224
13.5,20.028419288199785
16.25,21.589377282103342
16.75,21.990009824421083
6.666666666666667,16.543548331674298
17.416666666666668,21.717049516368917
16.416666666666668,21.370389156287786
8.333333333333334,17.601288355823947
7.75,17.18173701879507
7.916666666666667,19.809210357433567
16.833333333333332,25.985307864121303
8.333333333333334,20.655225776172024
11.583333333333334,21.216437981598975
13.5,18.203913350081248
16.916666666666668,25.131552862309874
14.833333333333334,19.11198190003337
8.75,16.970754079038468
16.5,21.569733381403765
9.083333333333334,16.693859236060828
8.083333333333334,14.92234783642905
16.666666666666668,21.168430522949123
13.166666666666666,20.168115644576176
14.833333333333334,20.902728623882776
17.333333333333332,22.469296058121486
6.666666666666667,16.8936329754401
10.333333333333334,17.490545634105136
6.083333333333333,19.337875948837475
14.833333333333334,18.781753451330218
11.083333333333334,16.125812104274
5.583333333333333,16.207709820867844
11.583333333333334,19.910033958569997
6.833333333333333,17.68688762498839
13.75,17.29374754486542
11.416666666666666,17.462075531506542
12.083333333333334,16.639867050132874
6.166666666666667,14.198298383357782
9.666666666666666,20.837001698199487
11.916666666666666,20.351688180191786
15.833333333333334,21.88101767152959
8.083333333333334,16.78004463533449
13.416666666666666,21.575425785696684
15.666666666666666,23.0229824289369
17.083333333333332,20.23822642973518
8.083333333333334,17.559670797551473
8.0,18.466590315501417
15.25,19.27377777117964
13.75,20.05637391385418
9.833333333333334,18.674087501406007
16.0,21.764646900453382
8.333333333333334,16.503062070541738
5.5,12.260742245520175
6.833333333333333,17.1969262960694
15.083333333333334,21.504834497508828
7.5,17.519159952276887
8.916666666666666,20.499447102641724
8.833333333333334,19.34185787761707
14.833333333333334,20.831290777147817
13.25,20.343116026829072
9.416666666666666,15.156397182949553
11.916666666666666,18.887763554199612
5.666666666666667,18.622481326781617
14.75,17.86666188571548
13.583333333333334,20.72909270059829
13.666666666666666,19.444291110428786
10.666666666666666,18.33764648556032
15.333333333333334,21.57034802955866
8.166666666666666,17.825880457031477
6.416666666666667,18.374607232365356
10.333333333333334,21.715145591937215
10.666666666666666,19.820906602860184
11.416666666666666,22.735891671238395
15.416666666666666,21.84099316435591
14.25,17.613869366918827
14.416666666666666,18.75828468313098
13.5,22.09204247371747
14.833333333333334,19.239983874113996
7.916666666666667,17.93041463506163
13.0,18.109837667310156
5.75,19.156227069284665
13.916666666666666,18.747612608385193
15.583333333333334,20.39521608946616
9.25,15.288746057005756
16.666666666666668,21.70331540532184
11.416666666666666,16.085120212918113
16.5,20.330603169330672
13.333333333333334,20.8687003314596
17.75,22.112858164635515
6.0,18.151198952630303
17.5,17.76679065306185
8.75,17.20061786921398
8.25,18.730225182941318
8.416666666666666,19.213877501434396
11.166666666666666,22.60957892962799
9.166666666666666,18.204548107098386
13.916666666666666,23.367493775959222
17.25,20.657097742217356
14.833333333333334,22.697668102762826
13.333333333333334,19.413418439394647
