predictions,targets
26.18252539998334,27
26.892484449295324,27
26.872011401442258,27
26.996381326459247,27
26.64752928682357,27
26.801298722767434,27
26.78702851367093,27
25.760467253585745,27
26.646739029234094,27
27.478826346154,27
26.117023416409104,27
26.41057461706033,25
24.36164310844557,25
25.34838701808175,25
25.21727045758158,25
23.91164705355549,25
25.226728062048775,25
24.254946621901293,25
24.841828082459102,25
25.242352331781355,25
25.32063770511068,25
24.573345718028644,25
24.292299108537463,25
25.073764337408864,25
24.568789812778583,25
26.530551849105805,25
25.367661590265243,25
25.41158699465278,25
24.40231428183367,25
24.4250644749866,25
24.412976181461158,25
25.601935887582155,25
25.980961171261452,25
24.74900831049764,25
24.48873691729576,25
23.880771084700417,25
26.248941089114904,27
26.216137133034884,27
25.360299958530973,27
24.106389836045675,27
24.734273597687057,27
25.92313045857404,27
26.299718768567445,27
27.004594699726454,27
24.80053077829515,27
26.64083107494804,27
24.911895261663812,27
25.773876196015376,27
24.321834536877123,27
24.785348424874428,27
26.90451998609053,27
26.29794353775594,27
25.59617662678081,27
25.778650626286044,27
25.944953555905183,27
23.32763342374798,19
21.7732159474754,19
22.81431503700747,19
22.71689382733825,19
20.971262560818538,19
19.85095756444765,19
22.856783548717672,19
19.893071179024552,21
20.08051947486395,21
21.522378869407103,21
21.759121829509297,21
22.19038150631665,21
22.910997988501183,21
21.9878306044408,21
22.7384459844074,21
24.11272922992525,24
24.499142324808364,24
24.36862903221292,24
24.542179374001325,24
24.2298715520195,24
25.05420065880624,24
24.36141135489155,24
24.62423356533076,24
24.524362653423275,24
23.962414948969567,24
23.86972030015741,24
25.39147985439579,25
24.24926954057217,25
25.975718203650256,27
25.281984132933363,27
24.62860437089454,27
23.86294838730199,27
23.55437682946901,27
24.20078264153271,27
23.769769781870828,27
24.6577090968566,27
24.528751068646105,27
25.12070144460545,27
25.43736630086888,27
26.131721164989216,27
24.87391760557292,27
26.14136793702512,27
26.352563711355867,27
26.00547630194109,27
26.163067694301823,27
25.390866295844287,27
26.622571170726697,27
26.22703182370464,27
25.768311987980383,27
25.318480924748844,27
26.096117026122872,27
26.7915945670642,27
25.79345432468362,27
25.821534814653525,27
23.84316003358331,25
24.26497183176084,25
25.254742738632796,25
23.96594318765905,25
25.78389724173836,25
23.40809342390997,25
22.35559214283324,25
24.76831337481726,25
25.372121256444217,25
25.590328097169,25
24.14047877193778,25
25.24531462746446,25
24.847205729436173,25
25.88567028730108,25
25.6825084847287,25
24.637795166247077,25
25.04219153918497,25
23.595580385447835,16
21.886590522736167,16
21.509084250398164,16
22.553572714506803,16
21.68539893785611,16
21.425570590682877,16
19.864233040216217,16
19.90448655164963,16
19.74670491799746,16
21.06130667875186,16
21.356544374395927,16
23.079468466620817,27
24.447253810601453,27
23.64957875769761,27
24.52875029844734,27
24.887846042466816,27
23.629536061571685,27
23.518637564594005,27
24.512574659727576,27
18.350593365304817,17
17.89155935652532,17
17.817101249989683,17
18.02810710094388,17
17.739406698036458,17
20.6865373557816,17
17.779394376370075,17
17.360931601744554,17
17.440079871630736,17
20.182246234794714,17
20.98251536812054,17
19.14029810719617,17
21.352649055181534,17
18.66067908202653,17
18.202078099403515,17
18.640710208789724,17
17.820493929103318,17
17.105432992750025,17
21.90601609894659,23
21.260241212092414,23
21.447831080710333,23
21.157413835845468,23
22.88095690505559,23
21.42771401951823,23
23.237905030770385,23
22.93105578805869,23
22.508589794764276,23
21.835923242120653,23
21.927481911780937,23
23.258562686047448,23
23.01904552662338,23
22.90931187468652,23
21.119797799483475,23
22.67742165434856,23
21.748436839311807,23
21.21403452193737,23
22.80605779140909,23
22.55917846468189,23
22.899091156986525,23
22.081457882235718,23
22.766821409142477,23
21.786360065774343,23
21.6348395026796,23
25.710951242574588,26
25.18899986427873,26
25.93652921794005,26
24.175348460013417,26
26.10932616683791,26
25.979823041750077,26
25.194516235788807,26
23.96816166959257,26
25.133125072136597,26
25.108010494602976,26
23.59063071498481,26
23.96272242439864,26
24.048370738577443,26
24.52033462439327,26
25.749098555157875,25
26.22665415739796,25
26.03227036775992,25
25.24146299688917,25
26.07150672027172,25
26.04767079592263,25
25.290579600669915,25
23.939707389740708,25
25.19189799759605,25
25.41702108546784,25
25.603510404045963,25
25.158356442140207,25
25.25468724679737,25
26.78353456877576,25
24.902051056112214,25
25.444674477519865,25
26.0373159567522,25
26.281086768149425,25
25.71358056539409,25
26.425698172519624,25
23.26644039052259,21
22.79363793835868,21
22.455293182190047,21
21.948672763271414,21
22.19888958659369,21
22.751612628520483,21
22.807821277627877,21
21.82874345496077,21
22.65042383590736,21
23.12465215454357,21
22.00903951948605,21
19.872220631545545,21
21.646025934229524,21
23.17867355307316,21
22.06093542502577,21
22.80102450479557,21
22.125445701825274,21
22.748812429011597,21
22.444976026376043,21
22.025992939495,21
25.390228570505908,25
24.493632344501968,25
25.57630156053965,25
25.54644206118031,25
24.969449927770192,25
26.10172938638704,25
25.309344969164144,25
24.60285099871306,25
24.805165890530144,25
26.070698357011647,25
24.9011969984136,26
24.66679447987078,26
25.91705428000946,26
25.132224499499536,26
26.516098880081387,26
25.354148749687127,26
25.87351445947754,26
26.254788284316064,26
25.626165155644262,26
24.573908532357613,26
25.05330366693021,26
26.03721191830205,26
25.67973647794629,26
25.71401662670577,26
25.96100330631049,26
25.34922813595026,26
25.191155386285445,26
26.926392885309003,23
26.252811480236865,23
25.054644728006,23
24.01687763995225,23
25.21240445659645,23
25.323019599263297,23
24.53425775648375,23
25.00228393301788,23
25.625157267606248,23
26.395427278209574,23
25.30343905424781,23
25.42337604293052,23
24.41011480371441,23
21.64241651759648,18
22.140456660245096,18
23.20449333956236,18
21.18994326114993,18
21.972455832841888,18
22.01632097887769,18
21.575344390675117,18
20.36694490194545,18
21.12970237367563,18
21.42533006598651,18
19.12671339179616,18
19.791964685086384,18
22.557139156233408,18
20.52754395770791,18
20.537907077326597,18
20.83760465590169,18
20.71738698061225,18
25.327976057224426,24
24.31401647701364,24
26.01904905094655,24
25.72072766169625,24
25.25772284714995,24
25.38467320111581,24
24.571948715048848,24
22.099048159546516,24
23.86731623852541,24
23.788602217195475,24
24.74352968999627,24
24.93417993577633,24
23.50481732068692,24
24.612505590370414,24
22.814736863729213,24
23.940814335089936,24
23.88575705873003,24
23.877521621634507,24
23.837474978356088,24
24.34364720539842,24
24.799308149481025,24
24.47010289006987,24
24.321565510511245,24
23.850885160620216,24
24.22155516423412,24
22.95940044342848,24
21.905447839710764,24
23.98260958021379,24
24.06513289765622,24
24.827049544335736,25
25.160641625547655,25
24.90097079673672,25
24.389682245537514,25
24.58731613243945,25
24.608413845691288,25
24.47382081088206,25
23.82275930702479,25
25.24727153007208,25
24.628302302889967,25
25.039579039092995,25
24.32670208095334,25
25.04930866921522,25
24.458960168132094,25
24.917535194876944,25
24.68197295165168,25
25.235104305822595,25
24.501847424945996,25
24.171980180463937,25
25.264903797055688,25
24.914280524185312,25
25.464178743027222,25
25.058996240145447,25
23.34619438662665,24
22.841074428889065,24
24.018049140657887,24
22.2288741735948,24
22.67540615144089,24
23.218439987166093,24
23.530173252628614,24
24.03471237734559,24
24.11137781084621,24
23.77715262695132,24
23.33205989577013,24
22.71398610977548,24
22.98050835128316,24
24.63291913990676,24
23.206813201880287,24
23.97586964635101,24
21.068040820650214,21
23.140980037418068,21
22.01670702385406,21
22.362665864607955,21
20.949797036745203,21
20.598979599618502,21
21.92559240708463,21
21.790561330732043,21
21.730599492751335,21
22.026869620792173,21
21.62805502178781,21
22.241032593180798,21
22.49339729811331,21
21.359656844112703,21
23.298163498278956,21
23.39274410120617,21
24.24512992792284,21
22.556052860344128,21
22.523754565014304,21
23.756947659700444,21
22.994997588065345,21
21.779156847982417,21
21.513390831865173,21
22.13904397727396,21
22.379355642200625,21
23.36621848825718,21
21.523599177142795,21
25.4841919572018,25
24.96495024556073,25
26.851582722459533,25
24.28601446115192,25
25.726310760655373,25
24.426961575709143,25
24.46800855665353,25
25.25608227766454,25
23.824185053450478,25
25.81270065842405,25
24.5475349583462,25
24.407741116049998,25
20.867242483484013,25
24.31906206517311,25
24.678816271202518,25
24.994457847505657,25
25.93505560302093,25
25.479277922040527,25
25.379666959134298,25
25.428339955958336,25
25.74301879275268,25
25.290684753438384,25
25.55443353521802,25
25.213385061220063,25
25.48018757386728,25
25.831766668654893,25
25.48679615278925,25
25.63557042741984,25
24.990367891569257,25
25.04334256109053,25
25.514030302999064,25
25.363523768037897,25
26.08354480028577,25
24.670823330016365,25
25.76055774534305,25
24.89852638023005,25
25.416984855530107,25
24.88372831696781,25
24.97719841991653,25
24.60985506369434,25
25.01557001621606,25
24.50326776291218,25
24.33094236872903,25
24.68897219008408,25
24.548924481111825,25
24.85552322171002,25
25.05499375466502,25
24.87348779951265,25
24.982206351472264,25
23.04332702978027,25
22.436086897731546,21
23.234367511663347,21
22.31367388284949,21
21.67347106734909,21
22.566642380575928,21
22.45029456088616,21
21.425539409264477,21
21.99881930613675,21
22.379282294242625,21
22.21684494726423,21
21.13342486944277,21
22.305338190682587,21
21.87023625277549,21
22.49569363966124,21
23.206760767066932,21
22.387733679081123,21
23.11461560018289,21
22.468098598170755,21
22.59677408039303,21
25.95893704223792,26
25.59293603760847,26
24.56613018091808,26
26.12923900910188,26
26.36651491293484,26
26.29249127676709,26
26.07946807954404,26
24.793822984154847,26
25.605717312455692,26
26.62116151344634,26
25.02990015888752,26
25.842077757304917,26
24.50995114274068,26
24.805675888800533,26
26.272037456890335,26
25.330226461594997,26
26.855678190651545,26
25.931131299723727,26
25.83440801378068,26
26.64562772338612,26
25.24672196016484,26
23.561937297477325,23
24.982287537655715,23
24.31294653694009,23
24.58112005886299,23
25.11350312006001,23
25.08098743993462,23
24.67810929428502,23
24.3494540023124,23
23.462037216631657,23
22.23548579406666,23
23.76251535117334,23
23.49982578324282,23
23.488011229015555,23
23.275897449903955,23
23.973485607441773,23
22.90296138266256,23
23.304337596726203,23
25.13062462921073,24
24.584769955596084,24
25.5014369395796,24
23.318175101586665,24
24.73501678727864,24
25.280447767233788,24
23.55163016281256,24
24.436648236990056,24
24.97960104093634,24
22.71432220942796,24
23.71410246392469,24
24.29178100795597,24
24.05163533751145,24
25.053523882285266,27
24.735893315345333,27
25.392697151737945,27
27.499492458206632,27
24.8609493939984,27
25.36247400138112,27
26.17496290844882,27
26.19321300895929,27
27.20582027869193,27
25.77006908626706,27
25.776405005455253,27
26.06976388252364,27
25.753592075836018,27
26.058889728356213,27
26.73918497917362,27
27.188599372015343,27
27.08801410516799,27
26.36873874325709,27
26.76082180834504,27
25.83795241475525,27
27.19157773081749,27
24.708666901192085,23
23.85175580861571,23
24.238955704427404,23
22.52969128540024,23
22.780799757172005,23
23.27377756187084,23
23.18366834747436,23
23.101763373624213,23
22.51098310585824,23
22.81336503093387,23
23.38191467480908,23
23.247438366874835,23
23.48208057341177,23
24.678178844684204,23
23.932954492537437,23
23.224488039182603,23
22.91123578191146,23
23.369902634605868,23
23.594256842264752,23
23.57568679643884,23
24.358070575929062,23
22.775144457443638,23
27.30730724812927,27
26.00412214598282,27
25.99589013766991,27
26.619025376271136,27
25.810068090453107,27
26.55601051544097,27
26.831610734721806,27
24.31555845541008,27
26.41109505220641,27
25.50406649051446,27
22.603999073380425,27
23.961752393358744,27
24.93605541188669,27
24.9203233313904,27
19.48242484956294,16
19.57655512855101,16
17.84330975714343,16
18.163567957850617,16
16.91458794188914,16
18.925031307476917,16
16.539896053597893,16
17.07894555144772,16
18.27306105959777,16
17.177009057403843,16
18.116995521056523,16
16.450279666932186,16
18.78532879866588,16
18.311270352402964,16
20.60486883423401,16
19.124228305870197,16
21.79510576419359,14
21.921431701040287,14
20.153252354841342,14
21.83087769110774,14
19.256213240966503,14
18.71552982678482,14
18.424341077412425,14
18.05639382780919,14
19.35090004734986,14
21.511922328021075,14
18.49245847062918,14
20.582937038190146,14
15.307839129692656,14
17.689416536103128,14
16.57339879379072,14
16.71123527074174,14
19.52119984473764,14
17.52464959143618,14
16.66776152928095,14
16.055637221829347,14
16.65698424374323,14
15.843100078785112,14
20.080556306749195,14
17.02137371403925,14
18.10723203048967,14
15.905246086617383,14
16.96419666142755,14
15.169058460135725,14
15.486589660262302,14
16.110073901412495,14
18.980978775329856,14
18.54518128321107,16
15.604326650916857,16
18.400034272016963,16
18.65955496160399,16
17.567539375964383,16
19.22731542678585,16
17.71695506296241,16
16.373102104234633,16
18.061219619990023,16
17.50887278903394,16
15.897142267974656,16
17.414505738319495,16
17.04696518967987,16
20.11155072178156,23
23.190961255694464,23
24.185884511919625,23
21.30845284675624,23
23.46735419117953,23
24.98242885515385,23
23.048902539271456,23
24.13242211150884,23
24.496319794704867,23
24.21665783113614,23
23.40544270647372,23
24.264265944501545,23
22.347694472157382,23
23.48172928313787,23
21.190443402254544,23
22.599994947655716,23
22.49546843588879,23
24.084396472059797,23
24.11485594001892,23
21.374575535925374,23
22.401211207604423,23
20.753580052360697,18
20.132492587980124,18
22.88071512501038,18
20.923480337476526,18
20.1404757821702,18
20.65396478072,18
20.31303473112417,18
20.73833521113027,18
19.91836585280837,18
20.91233319788112,18
21.79472736978654,18
20.79873723057231,18
23.69214207763809,18
20.390342607310856,18
21.296845310574167,18
20.293037820944438,18
20.695468363472667,18
18.637942605789235,14
18.822071541656317,14
18.11863204960108,14
19.482015169705605,14
18.086381431882565,14
18.748105059176684,14
17.92158135240536,14
19.66578404625349,14
19.389443838182395,14
16.96999028043913,14
16.746793347465406,14
21.322139058440825,18
20.99581637899257,18
18.100445424930484,18
18.788086717330643,18
21.419443390443877,18
22.364944480921203,18
18.41523803813543,18
17.855031554074735,18
21.58998806054776,18
23.076893324107985,18
21.846420797345843,18
24.34874429051979,18
23.61031227786336,18
19.71069523922756,18
20.997770963544173,18
22.41330762821335,18
22.09410639389233,18
16.12383583561164,14
16.121601650004962,14
16.206892338546314,14
16.202015057726722,14
13.987035459503854,14
16.846532924485906,14
17.192881591941198,14
14.449645156898914,14
15.25460801056065,14
15.334415323583114,14
16.795543964702308,14
15.460721338479605,14
16.17700811354832,14
15.882593284413206,14
15.599912641280897,14
17.425631761548697,14
17.315368160332024,14
17.67668629596502,14
16.850923581651887,14
15.62786812057034,14
17.01341963335529,14
15.61548881891462,14
17.091441001324444,14
14.033938559323344,6
9.543833768109604,6
14.049761316018891,6
10.970306769655735,6
11.357254217979044,6
13.213850963997526,6
9.77685597882216,6
13.644893528644207,6
11.30434182069318,6
14.04640890050172,6
14.68935022377098,6
12.60146634508276,6
15.429064161037356,6
10.072646103158451,6
13.827682258016988,6
12.860951430757586,6
12.678370634504818,6
14.5915056786281,6
11.108067622891248,6
21.15235465706273,23
20.248402237150483,23
19.13511876486445,23
20.76640754016019,23
21.982124400763627,23
19.941754113825013,23
20.21271777340189,23
21.61630406025615,23
21.133073204160585,23
21.226189225158976,23
20.472646629774445,23
21.63491033776597,23
20.870294111410328,23
21.46687541816242,23
19.873998869700788,23
20.455816501159457,23
20.45180604376587,23
21.35738977239909,23
20.70033651007501,23
19.946986209117878,23
21.63776714346554,23
19.46935878667491,23
21.83762277122433,23
20.43011142149137,23
21.573754337877585,14
23.630224937769363,14
15.956366358872934,14
17.511551115469175,14
15.520020566812502,14
16.912270984400788,14
16.23561781594344,14
17.48549095645737,14
17.047865398754244,14
17.996415918249333,14
16.1524231607053,14
16.048177263414377,14
17.1819769422006,14
15.762369018838385,14
16.384866414283064,14
17.194620353243828,14
17.201296701735245,14
17.41445884446988,14
21.909793124149736,14
23.26410057848412,14
17.948442491256944,14
17.58300565471758,14
17.69020972902304,14
17.764743454781573,14
17.144512685607367,14
16.791127391648313,14
17.138087930896916,14
19.83719994039834,14
19.555610583718632,14
17.825452470933783,4
13.736538986993372,4
11.82395690176004,4
12.858576517824677,4
17.19208774786359,4
12.106773246441662,4
9.816414297599772,4
11.968199628471496,4
14.188270041368767,4
16.583479776009607,4
14.490654127408137,4
8.021415026627867,4
11.179340083112333,4
9.57185215646349,4
12.742078209969552,4
14.541248035806111,4
13.02204129762765,4
15.84903060263382,4
11.580189162863764,4
19.840122802375877,16
22.220584875744407,16
21.012149313341958,16
17.40267505947522,16
18.990423863640807,16
20.783005587214426,16
18.55287880227675,16
20.313449717947066,16
19.480642619637408,16
18.397222336039448,16
17.43977865183568,16
18.93418339284519,16
19.263338049601614,16
20.51877996147152,16
19.113468273462505,16
21.360467926323675,16
20.081278187515032,16
18.451314782728204,18
21.186927297635798,18
19.169748654124948,18
17.686982225528382,18
18.850129755794423,18
17.515555226773376,18
19.67061547147556,18
19.160412419059785,18
19.48758707673976,18
19.4435282708408,18
19.109927679154104,18
19.979478780961067,18
19.332487389185705,18
20.17391417479944,18
19.645988346531727,18
18.39104682791747,16
18.78770724057604,16
16.634817809111137,16
17.79490507852927,16
15.059116909925685,16
18.46771086738602,16
16.142000790264547,16
15.638857281521076,16
18.052938362676528,16
16.316215626909656,16
17.735667046624812,16
15.37163912423724,16
18.39671492770642,16
19.415356764736472,16
18.202592252347934,16
18.797225059714837,16
16.959426671606483,16
20.218964756975986,16
19.074249837243062,16
20.125430848957333,16
19.11212408194537,16
18.914979024260703,16
18.98797097786111,16
18.545434082833463,16
19.90697087767563,16
19.720625564636904,16
19.19998073222672,16
22.30450591752424,18
19.094804855293525,18
21.285422116825,18
20.88396915461793,18
20.756853628954357,18
19.34027197530811,18
18.98802801235294,18
18.38180969214269,18
18.45513236732913,18
19.013226953948354,18
19.7324784454865,18
19.240435255557312,18
20.180085600343272,18
19.55866143537135,18
20.394005098224323,18
20.99297094619951,18
20.55124062291623,18
21.70225656067157,18
19.217402648233644,18
18.52596801143789,18
20.529913447220757,18
20.691131733533005,18
20.054899156453622,18
18.524967333742836,18
18.52810560860385,18
21.599160827281924,18
18.619515395566488,18
19.427986410468424,18
19.558278772845483,18
18.71283507145215,18
19.62348806589261,18
19.47561548790876,18
10.361569562238357,9
13.034369755524516,9
18.420561339666005,9
13.893505952997966,9
16.92726185525282,9
13.71164867768208,9
14.46484009711222,9
13.595990604049048,9
12.298672911860264,9
15.369477118559615,9
15.642571970700722,9
14.038779273982255,9
14.388623119411342,9
16.84019037450257,9
11.587510616636129,9
15.577097458203127,9
23.94390645376416,24
22.345141818203075,24
23.16577819375625,24
23.56324144846248,24
23.57217731868186,24
23.95921553018321,24
23.77129867286911,24
22.82813351362916,24
22.63181430102842,24
23.24300661613524,24
23.57743815768196,24
23.54046876384709,24
21.734936126626906,24
24.226843067004115,24
23.530197934241787,24
23.977467083465704,25
24.242975399226925,25
23.729664675535425,25
23.626000481528468,25
24.971366588946296,25
24.676357787892474,25
24.126390583424755,25
24.939172606175237,25
22.037134059461103,25
23.49354871538721,25
24.361663110378437,25
24.650516939363374,25
24.805175645445548,25
25.676386060063496,25
25.06312266345592,25
17.700079818916986,18
19.14649102164632,18
20.362550819237104,18
18.964122702201728,18
16.743420890867203,18
18.981867199102304,18
18.81811033283797,18
19.203371250441645,18
23.64710378209194,24
23.93006567480916,24
23.324996428977972,24
24.33546552611576,24
22.007282755022214,24
23.833785036985923,24
23.732468933475012,24
23.917099635361115,24
24.305672653281327,24
24.066419320074736,24
23.156787880518237,24
24.63454878527843,24
24.3384101725308,24
23.81632434813363,24
24.641722538661003,24
23.44897260794526,24
23.733010584230584,24
24.331474877322936,24
24.904378961220047,24
23.645207332350587,24
24.439603878821483,24
24.11661929733446,24
24.013668957766235,24
22.95739655262956,24
23.504682676892987,24
18.667370520020643,18
19.34255865926385,18
20.362049723039423,18
18.492187030162377,18
18.900734580053207,18
20.39958625137497,18
20.70167719500377,18
19.901320625205823,18
19.20233162737345,18
18.484814888649986,18
18.27733424340961,18
19.76881012913209,18
19.35715873836673,18
19.796540733273574,18
19.23482429615484,18
20.324038604292863,18
21.35224201329124,18
20.96464955635175,18
18.07839821890198,18
21.59915538369953,18
18.470760584410296,18
20.568754127297662,18
21.16628630926713,18
22.029227147759848,18
20.229778176007056,18
19.059005413854145,18
17.687963801486127,18
18.646750797717065,18
18.92685987845575,18
19.68473609448339,18
19.219068860152223,18
18.583495638562205,18
19.13841231539098,18
19.20039094310116,18
17.213036918587047,18
18.768982760153776,18
17.76199077635789,18
17.600308294053384,18
17.15492351763063,18
17.562404622525325,18
18.460764700177695,18
18.827582502758503,18
18.09570304897605,18
16.413630824129857,18
18.484198001722923,18
19.537914065388275,18
18.93360861202529,18
17.440015538501612,18
18.166091631526804,18
18.72455389757576,18
18.99067734831591,18
19.07486308777982,18
25.55718613420152,27
25.7562123346106,27
25.787347494874545,27
24.50682354913819,27
24.994826659640307,27
25.251287540796916,27
24.17950449978892,27
25.520143727878416,27
25.064208731512423,27
23.560779839626573,27
24.20977199408785,27
25.295111022677894,27
23.944255145736506,27
24.30552199917536,27
23.08594035581699,27
24.00803356926053,27
23.634968188206845,27
23.564579471619027,27
22.93163450905574,27
23.877662888908965,27
23.95369955809242,27
20.00843721575666,24
19.35637875617239,24
18.076159096906668,24
19.949476205401076,24
20.63613738820326,24
19.975794514628603,24
21.962330054095283,24
21.610327797636437,24
21.95623485796377,24
21.048623542531896,24
19.196814939255223,24
21.56921475660224,24
17.8184973865586,24
20.767676037073272,24
18.132052459564324,24
22.26410489226168,24
19.76976385162451,24
20.80955258150753,24
23.86026189341917,26
22.82121445753638,26
20.773278844101192,26
24.342352469808525,26
21.666178059096108,26
24.661230473020098,26
21.684761251843632,26
22.12255039273241,26
22.873316520285915,26
23.073257265430737,26
23.28512125592231,26
23.61358982383157,26
22.553790615587936,26
21.234231133532184,26
22.41400062135837,26
22.44538482172984,26
22.412019305665535,26
18.467398773066165,26
22.20936228948407,24
23.351890484383134,24
21.32194917504524,24
22.83836570493213,24
23.131717364375383,24
23.604571895226925,24
22.716733144833928,24
23.37912696800253,24
21.544765862868584,24
22.044253693758385,24
23.36224265857571,24
21.723961377591564,24
22.261334452280124,24
23.783558441741945,24
24.409553865982524,24
21.788695661129843,24
23.23349766267031,24
23.159277930738213,24
21.38088815897922,24
25.289135957198287,24
23.091038709305373,24
24.15078858374387,24
21.595667784070837,24
21.400534592850025,24
24.90203862714745,24
21.67748564645523,24
22.28333781814411,24
24.38040190101267,24
22.83079089533504,24
23.710682563936366,24
23.86378499137277,24
23.01090707031746,24
24.74710995836884,24
22.988480476543817,24
24.237845643882284,24
25.284115106915173,24
20.301300920791075,24
24.63745348364215,24
22.888671370113084,24
23.55734761424187,24
24.362690554404757,24
23.24431462030438,21
22.72209833681337,21
22.32005818706073,21
23.13498071555167,21
22.14551824948421,21
23.4034591914648,21
22.799789794230904,21
21.193065112135034,21
21.073192115026192,19
20.062950359085008,19
19.93870753723458,19
18.88119146264535,19
19.766309692066724,19
20.202562310618383,19
16.623277871835008,14
17.20443554335822,14
15.795872905688103,14
18.04976373241907,14
17.932816177735248,14
17.42826240050941,14
19.678256356180835,12
17.219058237070872,12
16.884619051219435,12
15.594302515179796,12
19.188400793485517,12
14.98147785086347,12
22.268031326236628,18
21.186203764023663,18
21.0647139793292,18
23.507270833100414,18
22.95939577825028,18
21.855072322209605,18
20.996498882973157,17
19.96087005477834,17
18.24595577921612,17
19.714371094836636,17
18.20361620688476,17
18.662127294408272,17
23.19543167562006,23
23.074644691274287,23
23.514453482973547,23
20.75602026287985,23
24.48409324631436,23
20.234522972716736,19
17.506986039903,19
17.6902565298529,19
20.139103218915118,19
22.18244859377264,19
20.07659080374124,19
24.285008603388786,18
22.95917515107804,18
22.54566494957681,18
20.713274033196612,18
21.652086945454343,18
22.16065317875968,18
22.444192416332733,18
21.8848642122307,18
22.34397627028294,18
21.83527876258166,19
19.972100586005897,19
20.5486104121673,19
20.975809632188465,19
22.442221635344424,19
21.781899489362853,19
19.050020549112038,15
19.74162023427588,15
18.28556685225577,15
18.050938878611813,15
19.540157051882108,15
21.1170023791602,15
19.41645974795405,15
22.3405662862084,18
20.592418389901027,18
19.753442781254098,18
21.35955777661536,18
21.01165320605481,23
22.19282302566974,23
23.56412810704276,23
22.481143491372148,23
23.190658668886535,23
23.530436994027276,23
26.100313844943702,24
25.865749033554675,24
24.282232013237213,24
25.856824381863422,24
27.036349861367725,24
26.088850711917168,24
26.611724541727448,24
26.633872607414144,24
19.95435073494824,17
21.87656176203496,17
22.70813011890548,17
23.94400988719208,17
19.62644564568276,17
24.6164871254927,17
21.97762318267836,24
23.83404676514016,24
21.03551092577865,24
22.347675348098026,24
22.394898070940016,24
23.91181397321797,24
24.297786644574263,23
23.16808782677916,23
22.24397988597492,23
23.366977498373128,23
23.93253381280636,23
24.17070352101976,23
26.345505538669617,27
27.32971031647416,27
28.520001619799405,27
23.88137471202175,27
29.516725179147794,27
25.43222369080891,27
26.497163819263328,27
26.6541162198186,27
27.8835463170554,27
27.824547193654684,27
29.007333711081817,27
25.757191197532958,27
23.740652392353525,27
26.22593013538237,27
25.361445517627875,27
27.7150132489058,27
28.430888939589057,27
27.11858067448825,27
27.1751975346144,27
28.228773201145344,27
27.00676178384124,27
28.39658139335382,27
26.63386664934114,27
26.987333023959096,27
28.61370658904792,27
28.16287181165895,27
28.47339136940445,27
28.32194083737958,27
28.033890892988094,27
25.946685646091048,27
28.185795129855716,27
28.024129060535103,27
27.69266535156186,27
28.48913702485708,27
28.40464941104407,27
28.879647472109824,27
27.62761501828784,27
24.44723699954633,27
26.287513447760738,27
28.493815843893174,27
28.464593032968214,27
28.50369652535536,27
28.750108631864062,27
26.30418657150769,27
28.61938607961552,27
26.354462518849303,27
25.53214547020172,27
28.44897970896487,27
26.71222700304623,27
26.71224203773189,27
27.31447815552917,27
28.49704513851169,27
27.009113169136537,27
28.1133109294191,27
28.16178121022139,27
28.45336432720152,27
27.897278651423164,27
28.00717701347426,27
25.855695944792704,27
27.64578772496141,27
25.23968036061483,27
25.607820195095268,27
26.574691495525222,27
26.689034199653378,27
27.75774818068828,27
26.588271495281017,27
28.170160704606232,27
29.00805654980972,27
24.21279537489261,20
18.87348402051167,20
19.31484964963446,20
23.10581844061032,20
20.041732847775304,20
19.91921247273176,20
23.82522837844837,20
21.063043078352404,20
19.869441993633515,20
15.742566305133584,20
21.796039294082856,20
22.2944818441457,20
22.33956439387157,20
22.510398194351215,20
16.714294506952324,20
17.693716530776243,20
20.7191728661628,20
20.326032229884515,20
19.94117372859483,20
22.79321665019306,20
20.401767335247644,20
21.520515136487308,20
19.745693975200684,20
19.673739602101172,20
20.1075363789093,20
22.11150300982395,20
21.39938102936084,20
22.854535242013338,20
23.877736015016957,20
21.760465230849285,20
21.848926442830344,20
24.73408571469714,20
21.179728310861787,20
18.04297574035857,20
17.636776441081064,20
20.17694495402408,20
23.006071057839016,20
23.076761347461304,20
22.87273518167205,20
21.86619951933776,20
23.725873655331696,20
20.48320059374168,20
22.77317800955277,20
17.835247426519548,20
23.729278904437937,20
23.07802593505691,20
20.65078794544259,20
26.494330852453924,20
21.660596880283187,20
23.20906451789263,20
20.87068116371898,20
24.56714131989643,20
22.66601982588848,20
23.428669399036025,20
23.51328616373431,20
20.991256079737777,20
26.89799381582954,20
18.626669709011495,20
21.84559090915455,20
19.86158815957724,20
20.803844931145385,20
20.894738970276197,20
19.649609047830797,20
22.032065364199248,20
20.818324682783494,20
22.73481073947368,20
20.31882622487728,20
18.814033590285625,20
18.02125994679509,20
21.62376318911465,20
19.91360975500231,20
19.64127465446668,20
23.337980606361285,20
21.23301250910377,20
21.985542182898406,20
22.123283638216638,20
24.380801254573623,20
24.374754878218653,20
23.80905342457279,20
21.454859887354697,20
18.17853807974136,20
26.25117052770904,20
21.336395459639515,20
18.73606738472991,20
21.81550053745009,20
24.903474194083,20
21.207738636048976,20
21.831617465328627,20
18.789893150169384,20
20.62949700390621,20
18.317554148197846,20
18.517790834297816,20
24.089396183418643,20
19.152600969181577,20
19.825773328824752,20
21.413829123393267,20
23.49853735501584,20
21.62758477423593,20
22.391960834969847,20
21.10739412695573,20
21.264146425169567,20
21.444081578025123,20
25.34326967246512,20
20.56839088112752,20
21.13376767028588,20
21.013307177691605,20
21.95253731195595,20
20.272696965904714,20
19.72959310093524,20
24.11818790690588,20
22.79533899708933,20
21.98154430141768,20
23.24930773403055,20
21.43799125109392,20
21.792175553898957,20
20.910174561636723,20
24.224180201601225,20
21.619154338173992,20
22.04275945695985,20
23.529803283797087,20
17.96747178665469,20
20.66115374760841,20
20.706375449209023,20
20.20726996640933,20
19.86752962165977,20
24.13674660720619,20
17.901879582193175,20
23.67760873512913,20
21.54377579548157,20
20.07700685419332,20
17.003413419853686,20
23.036833114759016,20
25.924556842836644,20
22.613777299909756,20
24.238534015064264,20
25.386789148291893,20
23.38131721169236,20
21.33188254626181,20
21.25014470708608,20
20.36814188822279,20
20.44179590658885,20
20.95098608237492,20
19.285402539947484,20
17.236393644381376,20
21.129340022443355,20
23.059256155013227,20
22.947137053591977,20
23.891305336585127,20
19.3903899142684,20
19.199498745086245,20
22.579074799169817,20
21.08756943116681,20
19.430001378069907,20
21.6599000241619,20
22.712106898099982,20
21.64894338395213,20
18.896833169917876,20
18.01147218131878,20
22.49324871998297,20
20.153998037712284,20
26.20878012015664,20
19.09232497780315,20
20.674565886070877,20
18.477145837045388,20
20.920467146599428,20
24.110654154149906,20
22.94235766078817,20
24.44980592345004,20
22.074638350428824,20
20.72914994007265,20
21.928371509262305,20
18.020045277634523,20
20.739982941709087,20
19.191461570005373,20
19.420947739803218,20
20.860796716516703,20
25.70382519756086,20
24.589114478062005,20
20.244408226293288,20
18.630828558596257,20
21.182526948311825,20
24.2428775528678,20
22.84086602821313,20
14.65182473386869,20
22.737898355044997,20
24.059203218638945,20
24.543306019530704,20
24.13958075643472,20
26.789287174609328,20
22.98973411393516,20
20.424964832994505,20
19.80445819705532,20
16.519891636475442,20
25.67033725412793,20
17.959974260169254,20
19.296269245110487,20
25.070506413516547,20
20.925587130228585,20
19.472305532783256,20
21.48831872707395,20
24.36543915792904,22
24.96316774687056,22
21.61069049305144,22
26.04314834669794,22
23.84124081722633,22
21.792520272561013,22
18.787699614209192,22
20.46138407549578,22
18.4323632765913,22
21.04534299568513,22
19.63247090516422,22
23.391734217364377,22
25.18256035022046,22
21.704150627656656,22
18.86535917216317,22
24.82100974459868,22
22.47068738568112,22
19.47082994999548,22
25.699278982478862,22
25.096630311521626,22
23.27346997552984,22
21.67512674888519,22
22.964122785516757,22
17.565303859197247,22
23.855672908060285,22
21.649161686890203,22
24.42633444184169,22
25.45845007726277,22
20.369892778612893,22
21.13499479961637,22
23.99337146267028,22
22.22575127492192,22
21.043040620960348,22
20.570793951967485,22
21.15874468678167,22
20.2304815534537,22
24.26947195322588,22
24.31810855954518,22
22.333862849919832,22
23.827144809567223,22
23.05524667238565,22
25.29601789802034,22
25.78662506835782,22
19.60665374648258,22
24.89131530750725,22
20.76200305796548,22
23.50247577158293,22
21.575472137517867,22
23.79220588850729,22
24.11437806877164,22
19.64179999859423,22
21.534749381805764,22
25.24135931542733,22
20.66992554018682,22
20.88178826142449,22
23.19089179745588,22
21.55392348439644,22
19.78725095606101,22
25.709382017822907,22
22.27964519447025,22
23.435921821157468,22
20.958001460996364,22
21.31575560707362,22
23.955091548993167,22
20.126125191371496,22
18.57054062525045,22
18.451448466425425,22
23.74491106720089,22
24.62145381272592,22
24.901999164698072,22
24.493897862624564,22
22.907456204949817,22
21.00805014821106,22
22.0459989492789,22
20.021634840009323,22
21.37088220593269,22
24.035706817425563,22
24.28443294932785,22
23.51853956609945,22
24.4503071258823,22
20.267668359549507,22
23.471880999692043,22
22.22054690432778,22
21.48651992667613,22
19.21636906493296,22
22.06771306843888,22
23.46522037893813,22
21.280279091622788,22
19.23977345419789,22
18.34120325479798,22
26.06390046468656,22
20.801002461239143,22
22.74456929205517,22
25.0163795036603,22
18.86769746026101,22
22.33043106717527,22
26.37045873333117,22
21.90839851771937,22
20.75755923163386,22
20.20891401338927,22
21.880676992807857,22
22.44906741129717,22
22.9033347850887,22
23.29626933433034,22
24.25322283910263,22
20.811425221055224,22
17.215000786889284,22
22.907265014043425,22
24.71434544527609,22
21.94063716363469,22
19.09109754023607,22
19.113562385719863,22
25.73109909306285,22
23.61014874451727,22
22.29857259792713,22
24.776073985724235,22
23.821195280719447,22
23.90377560002526,22
21.534852588400685,22
21.355294455614683,22
19.998137727517637,22
21.968466275552974,22
22.94273194050617,22
23.04788409851432,22
26.054527411269607,22
24.60031568210197,22
21.54620359217556,22
20.628607944820192,22
23.148898833055128,22
25.030967895032703,22
20.804676490044187,22
25.736595581390887,22
23.51390037080464,22
21.3910621095001,22
20.1252131837359,22
17.81045459577643,22
22.90496067572348,22
25.440254818218627,22
20.21827153963921,22
23.941349068093757,22
23.63699352408887,22
23.061072670644258,22
17.5327084804955,22
21.171490440156187,22
22.025392201204948,22
19.361169888875,22
18.784124175958063,22
23.428792156112017,22
23.69870277073158,22
24.867203366161583,22
23.253516455966277,22
23.57269795267696,22
19.70903734294597,22
19.306170559027137,22
24.88160686238439,22
20.975940962783167,22
23.38950186057157,22
21.88004791874788,22
21.71111998278591,22
22.5975633480761,22
21.79795988983724,22
18.52519091115268,22
19.44818527106299,22
21.588721322833763,22
25.50258771096763,22
22.2167848641916,22
22.504040012220607,22
20.396514614357585,22
25.275832505398856,22
23.07028103872759,22
23.720240905820724,22
23.46187921017072,22
21.05249220011672,22
23.87339967803366,22
23.784546046641893,22
18.855300865411063,22
25.278264839998062,22
21.93200506169684,22
19.860559318602604,22
22.151804099833445,22
23.2380350743567,22
21.967068340828003,22
21.94284920895922,22
20.86306886824332,22
22.13489948166097,22
22.433896047778784,22
21.77168244982997,22
23.797104815226948,22
22.50542569245896,22
26.182505829032728,22
22.542600726978645,22
23.309992414156547,22
20.375539919163,22
24.216126246329363,22
23.07934982862599,22
23.828775770003915,22
21.530953073861102,22
23.82368101765587,22
22.4447894801467,22
22.917821292322213,22
26.56828212907551,28
28.741825223253134,28
27.722483356005053,28
24.189137865618942,28
28.43350505999563,28
25.11357934510773,28
27.22455060742053,28
28.69208496349673,28
23.30607273340411,28
27.530147950673715,28
28.439853802227333,28
27.38950056407512,28
26.91641761164028,28
28.04504250947399,28
26.956782532443384,28
28.041558594879707,28
25.612137344174865,28
26.748759464798475,28
28.369021060783812,28
25.760216203310726,28
27.75264974918633,28
27.48601218036917,28
27.68410913547164,28
26.62566923137785,28
22.979840310457117,28
27.87109749939073,28
28.43168169063889,28
25.89852646916198,28
27.089424793986936,28
22.476943944123477,28
28.635227932477765,28
19.240521659207324,28
28.62038382856517,28
27.110954562063696,28
27.325583071080786,28
24.440029709203955,28
28.807315704831375,28
27.208629551643853,28
28.56869569955396,28
27.083286409221856,28
25.84708243323166,28
28.467977753129546,28
27.42821526729791,28
27.615533711163,28
27.988937322922432,28
26.805174410576782,28
25.2758776633082,28
26.473937472234454,28
28.235491371819908,28
28.422314294464996,28
26.54505445735792,28
23.275583455953758,28
28.115823734954777,28
26.1781658955483,28
29.849021409229906,28
27.9620999965653,28
27.60056017436833,28
25.03359782603525,28
26.905744300202464,28
20.34443594104409,28
24.31799635873891,28
26.586574747216098,28
25.13620730476512,28
26.455763605974447,28
26.94999204928631,28
25.5706493272918,28
24.50955884456912,28
27.102306384237785,28
28.715042995587037,28
24.028216020190094,28
24.28610724473717,28
28.24600023218216,28
22.22387324962416,28
28.724635916534886,28
23.52359730214042,28
26.749728560947563,28
29.099147599395224,28
24.97430114129829,28
28.44163183295516,28
20.579146914275583,28
28.28936066865708,28
28.589939378566687,28
28.60266280054197,28
28.744080149161324,28
27.19036411833642,28
25.92407214103501,28
26.52062626294052,28
27.852004780705155,28
27.51957802119838,28
26.91164939181336,28
28.54377067889936,28
28.16350063320669,28
28.719167733304698,28
29.088170776322144,28
26.128473996371397,28
27.87439347311385,28
26.934225155375493,28
23.473791070852688,28
27.35301044361295,28
28.869859569355537,28
23.27391130965675,28
25.69206175667024,28
26.98304621780313,28
25.69436386294561,28
28.98021783556321,28
22.84629748082479,28
27.5232083313336,28
26.93384664009778,28
24.89288084333821,28
27.567435049659444,28
26.268887278791613,28
25.64923334892113,28
24.183403316903657,28
27.49295137110377,28
26.42766064580391,28
27.476901025719915,28
28.19836823884661,28
27.31896107312383,28
21.337381302347683,28
25.128867892571588,28
26.142454066641072,28
28.083519788143093,28
23.95005478051516,28
27.87692092635716,28
27.97409363552127,28
23.820834003613424,28
26.224700010273487,28
28.906490293849835,28
28.50559148621628,28
26.36593938663004,28
25.22454945275572,28
22.827288600847957,28
25.575988871005293,28
26.287668514309164,28
27.18521256772218,28
28.7183419682228,28
27.71825709236857,28
25.702170596177226,28
28.108314811496687,28
25.988451112400107,28
27.236834066624905,28
21.16890847724937,28
26.18053721463261,28
26.6369731911479,28
26.754182213294747,28
25.09020729439284,28
24.28513646854238,28
25.45398220927014,28
27.33366874784814,28
28.37853213377429,28
26.851697753944688,28
27.02617032967949,28
28.834732518433,28
28.222811239771048,28
27.14118652749466,28
23.94351825311017,28
25.838807472668112,28
28.69367148255581,28
28.55544026469464,28
25.18649394089671,28
27.367620898656423,28
28.73204166920924,28
27.966981946452453,28
26.399606784965417,28
27.047193002142752,28
28.731599006857127,28
26.703196713838217,28
27.290541699239288,28
27.820834147620587,28
24.687490432771824,28
23.188907760986652,28
25.547491761306027,28
29.29328369488972,28
28.017485226033436,28
27.838086791087665,28
25.43493190121985,28
28.05182287298725,28
26.4991926138574,28
26.124096878265256,28
28.558259620066345,28
26.227690533948984,28
24.39132951004536,28
24.848711095412263,28
26.60494838120279,28
28.01664389263181,28
27.130935865987517,28
27.723317705544225,28
27.35485370970449,28
22.793035629178885,28
25.439604679987163,28
28.25794284175265,28
26.262392156262315,28
28.9328978463327,28
23.09328363627023,28
28.281446343190733,28
21.32981020211311,28
25.85354066175711,28
27.854984231362923,28
27.254675682699705,28
23.206557117563836,28
26.18974571585621,29
27.90334725072189,29
27.948328547837622,29
20.943491495975383,29
28.92641525195569,29
25.887799567557227,29
28.808434993820235,29
25.746305546175563,29
25.141533948573997,29
27.36186919305373,29
26.983748621724075,29
22.38912666753052,29
27.847533024712693,29
27.13051610245121,29
24.21685995976026,29
27.5500366718099,29
25.449030411596564,29
24.932955030078137,29
25.30028314863945,29
26.161582072549297,29
25.905166978178247,29
28.54623327279273,29
27.04312474396418,29
27.296754290064143,29
26.79908091677887,29
27.42969967355753,29
25.48709695845898,29
26.02610060012943,29
24.9899983661175,29
27.25950388894517,29
22.53245907976856,29
24.82371768280731,29
24.76075647404309,29
24.40159162445858,29
25.99337107284837,29
25.08988674928123,29
24.776049200239758,29
26.049581292728227,29
26.47341899223048,29
25.429688520558848,29
28.030825705014863,29
26.33221780621846,29
26.576490964692947,29
24.49381530132847,29
26.205837663439524,29
26.061268663219497,29
25.093193255209137,29
25.50481380365384,29
26.28199125824933,29
24.80369993292973,29
28.96202331686647,29
24.61560134392237,29
28.53129855199613,29
29.070663630095154,29
29.12055915350184,29
28.892631852766836,29
24.9155032605578,29
28.386397217294885,29
21.97989143346924,29
25.52351606361715,29
28.120501965594062,29
26.556548539164645,29
26.543079604035945,29
25.332244782790653,29
27.40525128086259,29
28.032840205093304,29
28.32359848559953,29
26.278807927573894,29
24.653021642284536,29
25.434517291333265,29
26.88275444508037,29
24.344643664097187,29
25.10683221681724,29
26.596234695127585,29
25.866369888908316,29
26.496131907580622,29
27.437723313868773,29
29.353035606407424,29
28.50808862581152,29
26.282540112361826,29
26.7355937846417,29
25.170354157707987,29
25.054767859882745,29
28.219940226540835,29
25.079756978766557,29
27.33013168674393,29
27.90631089733515,29
25.578996263642598,29
28.419094055548552,29
25.1729992669141,29
24.51406995260608,29
25.09538719596777,29
28.09998190302778,29
27.85822637536289,29
23.72638090890886,29
22.97784686065022,29
27.94646693024868,29
24.141963856647543,29
27.385458845395675,29
23.919035814176983,29
24.68654135228307,29
27.153705644164464,29
26.1110429672027,29
23.4964111747078,29
24.645409277597064,29
27.77305075224785,29
27.405450080842805,29
24.534693690307527,29
28.24572088231648,29
26.262302099467828,29
23.577198569891383,29
26.18366109623586,29
24.728055258598904,29
28.1031643416841,29
27.33557310029281,29
26.468031119222356,29
27.55728965757873,29
26.848088694146217,29
26.812477587035072,29
24.269730486604917,29
25.758051107867963,29
26.467540128722984,29
24.601250870765096,29
25.8497991062073,29
24.17164324381941,29
26.116679799792,29
24.3549082347014,29
27.28146174642802,29
29.70864695385296,29
27.95121652672676,29
27.715253021763885,29
25.64633900899839,29
25.96428648701997,29
24.41315099628932,29
25.23402206449713,29
28.07271454429144,29
28.648241828663288,29
26.857074764951623,29
24.743746320194777,29
26.16076157019685,29
23.5675003612584,29
29.169693826491848,29
26.913946435736328,29
28.550629938631964,29
27.91018259318341,29
26.368708240428983,29
24.887557943308032,29
28.70929288722449,29
27.79473283041747,29
25.315160209327995,29
27.04032397440354,29
26.297164289529604,29
24.714684547257217,29
28.180879275867422,29
25.711327272495897,29
25.167016847381426,29
24.837251175410437,29
26.844423625432142,29
28.47025240587141,29
23.330429615572424,29
23.647233617078985,29
23.741125959618287,29
28.24445398479347,29
25.77071435385089,29
27.67748632192348,29
24.92403005857904,29
27.141652372146144,29
28.454252569438044,29
28.340457133026003,29
28.309804151444293,29
28.367818498427894,29
19.46854435807631,29
26.5723726289119,29
26.367406334901144,29
26.31870602138302,29
29.22071175700354,29
28.249230103487424,29
23.88907511050402,29
25.05194945310697,29
23.8064055149129,29
26.37796888134077,29
27.106662593643357,29
26.166716541020936,29
25.273431475541564,29
28.331228685434727,29
26.779593047814156,29
26.690016961880687,29
25.785122785679825,29
25.68279780297388,29
24.762972000230725,29
25.28652519348703,29
24.575287183792238,29
27.10838777324116,29
27.513062225070364,29
23.030166372943995,29
20.92058146116677,29
27.28744329956117,29
28.95333200985382,29
28.986615270206915,29
22.227285058934463,29
25.544010103242197,30
27.393760404618902,30
24.28862007835973,30
26.67880743020273,30
26.046300801992068,30
25.850222561558606,30
25.448204036492918,30
24.621798653386428,30
24.97523557281327,30
25.767694626999603,30
24.94806849584193,30
23.889767704589204,30
26.90994585330276,30
27.776519804983344,30
22.87596059113624,30
20.480287857401915,30
23.781295192962283,30
24.35561139418321,30
24.514314027744344,30
26.12076830340139,30
22.22822031244287,30
26.10633096604529,30
27.50166968688712,30
27.67107527660168,30
24.551376284943185,30
24.538800687104143,30
25.141684584101167,30
25.592792999784628,30
23.88587823724457,30
24.78431524596401,30
24.284141007730465,30
23.95739331177053,30
25.99368943697137,30
23.667440144137142,30
23.21563010955672,30
25.24698621619831,30
28.712246971585948,30
23.809092284011125,30
23.42398962336618,30
20.784971673997877,30
23.34803204708758,30
22.609094381354595,30
28.73421333081029,30
26.413354383201703,30
26.7130728270449,30
21.62012613892454,30
24.939337676331206,30
24.07421123510102,30
22.397027318597143,30
20.84592550299227,30
23.05876095999277,30
24.143205235713825,30
22.45357246713403,30
25.93929506806569,30
24.688024369405294,30
23.89276963234584,30
26.4104550450464,30
25.220984048037398,30
27.85160646209588,30
20.969651235842008,30
25.2960815499993,30
25.58268641547013,30
26.154475252352608,30
25.84504757366467,30
22.543860728878368,30
28.89595238223414,30
18.99494199098728,30
24.129148670805037,30
26.5755564749178,30
23.026151169012397,30
23.658165392832576,30
20.02468320690197,30
25.906904025003907,30
20.94954371718584,30
23.54620293034665,30
24.35405635683809,30
28.39502617443553,30
24.85113976650954,30
22.67537439321652,30
23.136120539849543,30
23.6587226042908,30
22.409743749487895,30
18.601329239438417,30
26.71643769867923,30
27.429412851437704,30
24.921159676690767,30
26.12856470147,30
23.946717220475545,30
27.01501892021069,30
24.46934788222346,30
25.480796500903367,30
24.58493749307121,30
27.869995678284983,30
27.60263880757547,30
22.729848369420523,30
25.053247724812294,30
23.080980309459036,30
23.16234271482531,30
24.74218335984476,30
23.3172648074506,30
26.60401177462501,30
23.602225121009194,30
24.186045539860714,30
27.449059378380767,30
23.541398476110665,30
25.931850494710968,30
26.853435483670317,30
26.39307977023517,30
24.84292686308811,30
27.098222102096496,30
25.97799828702841,30
23.619001217120275,30
27.097441109386818,30
26.0095254589421,30
24.43744857700173,30
21.987477617305498,30
23.187727631412084,30
22.68644248622707,30
19.158678763933104,30
23.950067642429733,30
25.5997400411806,30
25.55882434421172,30
23.6556460438927,30
26.302249886685345,30
25.1164736214968,30
27.35566189094637,30
25.901483695269167,30
21.28416895554809,30
23.994608412476587,30
28.97212687017628,30
24.134081335424508,30
27.887158342085904,30
20.466726905155543,30
22.158042268019468,30
24.3937929987261,30
22.791609062483285,30
25.927899806570583,30
24.29586923044108,30
25.006495310137808,30
24.310541961159245,30
28.86007763407265,30
23.07874396367999,30
25.518024409625404,30
22.56599372280348,30
27.59447369926085,30
24.190979962716423,30
24.893056736282134,30
24.946395990765964,30
21.68259492824693,30
25.50429088988825,30
26.297767078043783,30
25.48778249318648,30
29.61993860957427,30
25.37408339141392,30
26.53745348330367,30
25.34906852491772,30
25.32956175087241,30
25.08337363899308,30
23.481248220163756,30
25.959551053803114,30
26.51730717255377,30
27.91860567589704,30
24.967187069117838,30
29.09861872972268,30
22.23803441238397,30
24.964215621088886,30
22.97026800435679,30
26.129590853795804,30
25.93408131567853,30
24.813716362342063,30
22.38653704132136,30
27.683280945449777,30
27.261151743834724,30
24.299144137210924,30
24.42768429473468,30
26.05541900251829,30
22.37170487702979,30
22.86629762304492,30
23.807007749926782,30
23.86196855821305,30
25.794011377527408,30
22.3653555672319,30
24.521664051877558,30
25.00237618636356,30
25.95158412693809,30
20.679281201962937,30
26.18692981384857,30
24.749183540186,30
26.205575955906827,30
26.06152830454977,30
26.547188090466587,30
21.583687198316888,30
25.567126719376216,30
23.609861897537904,30
25.53946083765373,30
23.077072760074376,30
24.00058919732874,30
23.3835367366644,30
