,0,1,2,3,4,5,6,7,8,9,10
Istambul-faledev1,0.3742169029318266,-0.2082492406213101,0.03536067173095363,0.05657906015495178,0.45627966281433924,-0.273303804966852,-0.042601691678384256,-0.2918442657694422,-0.1611165622793413,0.10783667189323651,0.07871104344760232
Izmir-35,0.41862282478204377,0.5074009624029499,0.9484017259790971,-0.22140746391728316,-0.24573578248266106,0.35712355045935856,0.46505950597583406,-0.09980414305539242,0.12758865451908266,-0.22200915746158512,-0.08407704095729808
Izmir-134,-0.8441878279901146,0.06581945428020022,0.1150458168614276,-0.04608295090473917,0.5666158146056472,-0.2391239759690314,-0.1371920830185419,-0.14114150122532285,-0.43796883022014654,0.06694019571044398,0.10585096024889819
Izmir-153,-0.7997096801507864,-0.7331231235095711,0.7774407110157782,0.6775030523506971,0.24819541310975246,0.14279020430424538,0.008609825572740927,-0.04872809167273206,0.2175561684202176,-0.1659987257067266,-0.12404754236095243
Istambul-falherb1,-0.3529869903397857,0.5388039494443243,0.07634557855765774,-0.48374151819958416,0.10612409751317452,0.5339398178898219,-0.1748140505541105,0.014941620812008805,-0.06547552271878525,-0.2500135473785162,0.11010512240958419
Istambul-febuyig1,3.358984983425321,-1.3522347867680633,-0.6904988471455259,0.5484745135076585,0.33953993780555874,-0.23881383977809406,-0.7127101116836734,0.24874122565054196,-0.03726945754492485,-0.1498294551378731,0.14056179283063272
Newcastle-73,-0.33049995613745037,0.06444971703437977,-0.24608044430134185,-0.05924968898602738,-0.13026978191451846,0.7942706040737337,-0.17611545992747463,0.10820742702909905,-0.08703754097690587,-0.1479110759023582,-0.13283359442268278
Istambul-pfdum1,3.381915415750525,-1.1218000691486194,-0.5295018959752402,-0.372546992880983,-1.0572222816843113,-0.46258771875535093,-0.2045606564678675,-0.4856147490989797,-0.1370346462679735,-0.10913435897452346,0.000831069564957945
Miltiadous-10,-0.6962966419846633,-0.44674457860365696,0.2976371082124276,0.04675511294112258,-0.0703060155239728,-0.039666571908161745,0.20041165465604135,-0.1237364743359332,-0.09519913599308004,0.06617203707201245,0.0026157535397843246
Istambul-falmcek1,-0.9107987329763666,1.639498618627219,-0.06729432465271332,0.3970762541242933,-0.19316266366535742,-0.3751410445634955,-0.7565653332838719,0.02018208564438916,0.05767441421126527,0.12193321642767264,-0.14934897090071447
Miltiadous-1,-1.2536181685310241,0.5632375409199624,-0.2776361398731674,0.10433073886609877,-0.11944011961433887,-0.17969957955138174,-0.2383542283767025,0.020412444382859486,-0.073906800104751,0.16904786068148028,0.13640912016063242
Istambul-pcaka,0.3697361896019845,0.11239212203638903,-0.22992900897087173,0.641310143603769,-0.541199570762741,0.025246946425440737,0.3593316966970218,-0.3689622301817797,-0.24758712197912083,0.19826204744352022,-0.3978111246938583
BrainLat:CL-sub-30021,-0.7356034454067873,1.3756369895213783,-0.5033060059869875,-0.4782224684853876,0.08387654974148662,-0.239883461679191,-0.2548342858967715,0.06545585756298629,0.05183917744987056,0.031865073559851305,0.1410037119617495
Newcastle-84,-1.507251101840565,-0.07021137522271666,-0.27301699776386057,1.2472116957696204,-0.3360888330201588,0.28416518833265536,0.06298806846756332,-0.009633744328327195,-0.22513416513230236,0.2562032485717939,-0.14135993620612028
Istambul-falmasi1,0.7899744425677261,0.1069722595520265,-0.17297494108091074,-0.293068367895565,-0.4771220379851739,0.646545477221186,0.11673306348014999,-0.012294074147842738,0.044139358689816485,0.311281633095978,-0.09893341306274932
Izmir-44,1.8833371463617603,0.30563907047863825,1.148746318710035,-0.6395882073813697,1.2151915630399723,0.38049211443510267,0.6247190549587215,0.09250614078777186,-0.1926032119563164,0.27550358281091725,0.2916433406604281
Izmir-138,1.6847891960697472,-0.46796026751451325,-0.17799855361374955,0.5977483179848293,0.13176273318626266,-0.5085652350742677,-0.31569358944605386,0.2014530654986174,0.028389782698503587,-0.15976926368188482,-0.021122976548773133
Miltiadous-41,-0.8179769333689757,-0.45411217555501965,-0.31638475356689166,0.33983123621215916,0.019880267377541984,-0.08641129238694649,0.007398251145254907,-0.31546381034720394,0.049314340485869135,0.09222472152899333,-0.16610079741259265
BrainLat:AR-sub-100024,0.6037779369067308,0.20283711159116039,-0.6457706251911202,-0.6253926196011881,0.35201564256127466,-0.2194361129885107,0.3422915975429412,0.040344505503901965,-0.06025908891010422,-0.11850258524390127,-0.2507222660096421
Izmir-26,1.9371450071699328,-0.09110759213001118,-0.44500776693621824,-0.9107250680624879,-0.2594815071515528,0.5776787163105633,-0.6905829772828381,0.2876170575404662,-0.21898928618187055,0.014457560269227909,-0.22959574463744345
Izmir-142,-0.6753323795968139,-0.11517587445016128,0.12747959061976907,-0.2759931961016532,0.06415444416105093,0.29153246298999186,-0.16217707497684286,0.014389723044904648,-0.14082230047813116,-0.19436651238279115,-0.028282743390893327
Miltiadous-37,0.6134823450856035,0.7907813101239451,-1.1512614517484887,0.4796251802447685,-0.0895039483259046,0.0325342253584952,0.40637629234922834,0.05438024319827881,0.2443471214409624,0.11841655132545074,0.02836469523715785
Istambul-falmozb1,1.9799347779138765,0.24659154344377301,-0.24232770910261708,1.4184697930751522,1.7553767572577497,-0.14836723047225212,-0.7022085456394512,0.2033656456505254,-0.09428125010011129,0.1505750688790083,-0.16029373163930752
Istambul-falserg1,0.5964212760132198,1.1562653106987901,-0.44310868818372773,0.9294962125252145,0.018961598694995686,-0.10712780384300144,-0.10894420517162454,-0.036605877014467415,-0.07637896452425795,0.3514536352348633,0.08027549360510501
Izmir-31,0.6859426419233278,1.2394922793458278,1.1429506599468,-0.049798736304605594,-0.21223061701819845,-0.3931144857480402,-0.377794645346775,0.1868035990494614,0.09153827075840844,0.010300037014719833,-0.3034434678383434
Miltiadous-58,0.666894916167078,-0.8974985169970336,-0.2864357501090683,-0.22580932947513987,-0.06485561596175585,0.19597059066849548,0.043710128261351705,-0.20078033559449696,0.19012408942216594,0.24311581136830154,0.006384257767191796
Newcastle-68,-0.9376126544709596,0.03975235325617065,0.050552410762340495,0.6949078042709762,-0.14305188762672472,0.09531333658724805,0.03794329738607175,-0.10979431187321495,0.02122494025509537,-0.10076854103758877,-0.156720573318441
Miltiadous-7,-1.166067143977581,0.7464363144003138,-0.2571602847713195,0.3290187963489052,-0.14416110012608294,-0.2847280146654838,-0.18030731269836864,0.08037546481137507,-0.0077122326288081786,0.14248129243328625,0.017727673601058196
Izmir-24,0.1727998192818946,1.767005973099346,0.7753558467957186,-0.7727548900357524,-0.6885898175568362,-0.35728746100365066,-0.9461172912149979,0.4490358144469528,-0.18885161795873934,0.0010417072231913948,-0.22012645536850092
Istambul-frekakt1,1.950910686969242,-0.8725300733121409,-0.26424671326015364,0.24750757075050117,-0.028039721405183175,0.0554250603181022,-0.2695860287837253,-0.3694014932235968,0.04786401492468087,-0.3224537210495857,0.07999123627233533
Istambul-pcgul1,1.062894525268846,0.8010448726997054,0.11636281708001463,-0.601787160113179,0.06750645163729281,-0.01885169356065399,-0.14582260182222434,-0.02566860755947141,-0.17123602889700446,-0.025424868893593532,0.06460476680858154
Newcastle-102,-1.1518299435306643,0.29646715970400617,-0.31978054845332704,0.5352106502952478,-0.5690727173420952,0.30332264204451,0.004405103951780236,0.22219824359102755,0.2291219271621128,-0.3099829613914874,0.03993714164213822
Newcastle-54,-1.4878936879395481,-0.3587367175381104,0.2376263099577303,0.21616844084888992,-0.11169220806779229,0.03446630336630716,-0.06948774676743981,0.3733115037247237,-0.20689463323844523,-0.13111617030553294,-0.2433170396334674
BrainLat:AR-sub-30012,-0.9863793162498082,-0.3373799467948006,0.21689757358078648,-0.018187345004120982,0.58735470114964,0.022397056059998047,-0.16706526447328135,-0.39670210570852277,-0.031633689091503485,-0.1647273343785827,0.06272385799019485
Istambul-pssen1,1.2385448274237776,0.0833242024569182,-0.15769639138047511,0.5308678622633831,0.13089363231243362,0.674558433311106,-0.26111486415966445,0.028292870749187706,-0.027624190422129616,0.19776772820496547,-0.18964723859973015
Newcastle-100,0.04967865423095813,0.2996315467451726,-0.06985954731836033,0.4230933583154372,-0.18056444214422376,-0.13666181615049205,0.5736080718749452,0.2173472484080074,-0.002426060965053958,-0.045648549866387764,-0.05799149705218963
Miltiadous-11,-0.39306928254110457,0.5078316786027912,0.11813596754342177,-0.34138096991963357,-0.5776928909876474,-0.3307107557160752,0.49150520495866173,0.0379341442016516,0.005276730895253212,0.015063190036809473,0.2691975325651126
Izmir-124,-0.22046838272105732,-0.7007198121314802,0.3117101316877549,0.37039607954620224,-0.006091796902237188,-0.0791751881186782,-0.21377966668560694,-0.010063603008165544,-0.12144923270461273,-0.15530940756137762,-0.06058971259971424
Miltiadous-29,-1.2922752332655028,0.6930039418546071,-0.25665840338611995,-0.12645915504669383,-0.005287444304255615,-0.3555328992448195,-0.3630903120745469,0.05792307430781362,-0.009054805996594877,0.04098223914579134,0.02735668156954191
Istambul-psgul1,1.4235791053235047,-0.023398066447639778,-0.019819623372232385,0.23728996677290873,0.4347842742117425,0.2547341701361789,0.09755893274152075,-0.32690658510625764,-0.12547091524959847,-0.0013703744056986996,-0.1499086847392538
BrainLat:AR-sub-30015,-1.1886790464373156,-0.19645152202249674,-0.3111250428613157,-0.31336864820068505,0.33620245693622974,-0.09308018820621645,-0.032924268805186445,0.007667628226106406,0.1455513407815251,-0.16398748822053563,-0.11991870160631368
Istambul-falzbil1,1.5879992205697926,0.8342128720329935,-0.6553461420755796,-0.1530318919580765,-0.38853253687490114,0.09638509391665363,-0.05130924493903229,-0.14519002665458666,0.013107315577829322,0.16842358137495692,0.04538313608806381
Istambul-fmcimtas1,0.25330820863504466,0.5198467649015791,-0.08145952812030854,1.003354088657143,-0.667826386275386,0.8473429625206453,0.6448608668108713,-0.15750566064213234,-0.1279252151880743,0.6156540992573956,-0.027508126795502574
Newcastle-70,-1.2605243457467838,-1.2755067918023608,0.7637166016150918,-0.20518333646983294,-0.08325148524311275,0.09282739296681441,0.11774230246625172,0.11984439729008288,0.2980953137338795,0.08828820321231756,-0.005950168516609293
Istambul-falyedi1,-0.7581971156029575,-0.24873710369946495,0.16203370420033075,0.6542881479620545,0.04732856545336811,0.1001813271747745,-0.050833764701274556,-0.18011710995620653,-0.3567551518396518,0.006075046346460526,-0.04215039475794955
BrainLat:CL-sub-30003,-1.2466715177592722,-1.2954719013412965,0.4980054247724799,-0.17176483002584816,0.10531932681574521,-0.0036043301073444465,-0.001328312218402521,-0.05986180622932164,0.3697767407040073,0.37948815605641323,0.09114960779605953
BrainLat:AR-sub-30004,-1.3083264197525637,0.895636759964701,-0.9452053294572376,-0.33822753648973064,0.713768057412538,-0.1701342915000187,-0.11293309186411114,-0.1080811984221863,0.01840788637702294,-0.04047441237324555,-0.11869580159016006
Newcastle-104,-1.7233805982168786,-1.010553079791315,0.28873155143628776,0.10017399365933408,0.006335487518550857,-0.22777752625095615,0.14739675229626165,0.22530776547307949,-0.08413603157348729,0.02280533094322829,-0.13742600572908734
Izmir-52,-0.38239498744739414,-0.5446230131300478,0.2890156884474668,0.5310364720684752,0.2305688781353004,0.12561390467264572,-0.3119881702458338,-0.348177930885609,-0.04298027399130562,-0.2124388009435637,0.08772828977442268
Miltiadous-3,1.4305967189635236,0.8211899385498239,-0.9277137545055778,0.3562769323206159,-0.3249901246954907,0.01961123226623743,-0.17398134852866676,0.18031710063118336,0.05051056145952515,0.27162630061794774,0.05951550936586339
Miltiadous-63,-0.14911674835321942,-0.6717875415618529,-0.032820144045146764,0.08021580496233516,-0.4074745007766965,-0.19602488772132798,0.04251772658657129,-0.34362151352939646,0.07710223790726801,0.010682300769016884,0.0033372832412382463
Istambul-falgdon1,-0.49243071361947083,0.8508044341764008,-0.10962978302335372,-0.14361215731679014,-0.013645221637552454,0.443482662376913,0.013650330012685905,0.16583382028943744,0.07071309705384629,-0.09924756687442762,-0.10744714835449232
Istambul-phber1,-0.8282228482606093,0.531385428342912,-0.3913411510127828,0.5625129529805907,-0.11889079332188794,0.17127551475863725,-0.10278459975491133,-0.24576068044723381,-0.0011003986646142953,0.1344172042528142,0.019972139314239974
Izmir-116,-0.328797959888148,-0.9988141371490659,0.6505414941885129,-0.39149644987142285,0.3039573267600765,0.5543575222941473,-0.16712174086764836,0.1270351308753008,0.22626838730068194,0.11126162914007225,-0.0828187189560805
Izmir-143,-0.5234104070314043,-1.000364802821032,0.10568172881333622,0.05731676143707086,-0.15849586030566823,0.021794098537959935,-0.2245851075777498,0.1387266199448948,-0.26079623605472624,0.03655183321885197,-0.189492266139387
Miltiadous-39,1.2975528592793224,-0.243655409840076,-0.7244108247405705,0.13261599927304396,0.44354448982121575,-0.16033249166368282,0.2506990458453216,0.13434446633449393,0.03341387950283389,0.008301334112675363,-0.1668537833786776
Miltiadous-24,-0.37863075276916813,1.803558170656853,-0.09304181040369236,-0.41409227494662804,0.11280737390934638,-0.2423105455348942,0.014865813222519213,-0.005979294997986488,-0.17996232174977067,0.240647145769319,0.2159380013005735
Izmir-41,-0.25190730566647535,-0.5458486766043518,0.7970204005695966,-0.751537883990222,-0.31058576621778006,0.2258741496472733,0.7395501094295984,0.010621773319608759,-0.026794233541779996,0.06442532608628103,-0.14887913582931955
Izmir-152,0.13257919859161735,-0.5937137754877974,0.24502989596809752,-0.3239963939932619,-0.17244944330020107,0.1491373858467935,-0.21114559274280587,-0.2955614090487934,-0.01084838341617883,-0.055444342883609464,-0.03195171087664379
Istambul-falcehl1,0.9359846903148848,0.7209435757826481,-0.360306233110015,0.7168974005332049,-0.22092137499245412,0.3097915467460195,-0.028746411446199896,-0.33662585352422086,0.023891423888268818,0.3719654514045689,-0.1139578127791224
Miltiadous-30,-1.531864920877056,1.202307651156606,-1.1878609209295357,-0.09485801975272308,0.17858724317794802,-0.5556307371343938,0.27293728254417154,-0.059930996987432615,-0.08237319735658011,0.03977299830525325,-0.025562533552146025
Miltiadous-22,-1.143810149776726,-0.20250354356871184,0.13096735833758139,0.26848678149002164,-0.16255818314416867,-0.2967880586161252,0.04214659012976327,0.09062695114584725,-0.01714172591399981,0.22866074634466754,-0.026488653374860196
Istambul-pmyel11,2.1222779873088253,0.7523262047444684,0.21547957875415152,0.032200985750924824,1.057387610544267,0.0683091064284117,0.4586640374086037,0.42996995975886104,-0.25120977680937606,0.05058123701926574,0.46422287925490435
Izmir-22,-1.354886158370159,-0.9061525064682289,0.7842209011339089,0.29034019527353144,0.1888527024226117,0.18696872957265032,-0.20665752028701648,-0.2782251746219288,0.20279967689325273,-0.1873254526226706,-0.04686622578689346
Miltiadous-61,-0.9869226216234169,-0.4778863872588806,-0.45962453540834197,-0.2851652322163655,-0.09508752574423439,-0.5601083242220283,0.37361294529940486,0.09217449823665945,-0.2749124537131694,-0.02451007855921525,-0.10646523142389842
Istambul-faltkar1,-0.5784540281401093,0.703119168995195,0.11774279495535901,0.7475444427610394,-0.03733647356188179,0.2078175315207639,-0.1682070115919033,-0.0034903947688394404,-0.2572416939117681,0.06871162222204115,0.33330449560270575
BrainLat:AR-sub-100026,-0.22132938374088174,0.5838617903985752,-0.5545153491606049,-0.5967714821875558,-0.01068007471201748,0.25277552692055355,0.06943907519514189,-0.04185264691451595,0.21565406075740584,-0.3002454097777907,0.012218590163347294
Izmir-155,-0.209302735730751,-0.6947571776341005,0.22689863914895475,0.39060185479978815,-0.021012131476172854,0.02766635259396836,-0.29090671127435425,-0.3309123975891848,-0.22765544161683357,-0.05927698231165746,-0.0029149608618551787
Izmir-123,0.6912038272300373,0.6428034180425711,1.0742820281590897,-0.19247677993842438,-0.3214103371554877,0.3426577129294512,0.4742614341402516,-0.13758773964874094,0.06011753990863516,-0.2794310805727597,-0.06859386371894675
BrainLat:CL-sub-100043,-0.6560628481341039,-0.4784136485122297,-0.2997429720956951,-0.36091296945113455,0.34067445227979914,-0.13329825143933333,-0.0923525081926032,-0.2616903360678551,0.06840850418861695,-0.10678560436491792,0.1324512754832491
Miltiadous-14,-1.868024225367132,-0.8338498130378977,0.08429927238115612,-0.2064071275212075,0.3072715994342907,-0.4650679258347201,0.14586670994977177,0.05802058309174835,-3.320222230266426e-05,0.31700033927036975,0.044144408624437415
Newcastle-80,-0.4803358791467994,0.5467314103623566,-0.3675425431907511,0.09854366441869762,0.0072823330877894435,0.4234446809519146,0.02017534545064185,0.06832477466765893,-0.25682973840367823,0.10100670082119954,-0.20977964081774958
Izmir-133,-0.10806331960142128,-0.8832272544932193,-0.03629333363601828,-0.3396293887943322,-0.14953363011600304,-0.19749842439706466,-0.3056738938828104,0.023683657175414707,-0.33001269788620224,-0.23449886574821044,-0.15267068547816479
Newcastle-108,0.3141438030552498,0.6981586122485237,0.15104090337839363,-0.6361942844037548,0.1068511983329654,0.6907933652095624,0.1927419325181658,0.19289375786807686,-0.06157898004190267,-0.12143909431807046,0.07870433286448215
Izmir-39,3.9646602350279023,-0.46705351564143455,-0.4908868498820425,-0.8068372766488622,-0.9338950024772315,-0.5356976551536468,0.09772417045038026,-0.5561231029596816,-0.36631738015346244,0.21652399123328603,0.08560572243854073
Istambul-falnpos1,-0.25608688739580004,0.9845446459493574,-0.01768223259281025,0.25602473166901785,0.1052135979297231,0.7187741289485775,-0.23068489756031987,-0.024211945627083054,0.2881913196276505,0.007147475309541494,-0.22100792914592957
Istambul-falrakk1,0.13892354597818699,1.4526702800476634,-0.13325252073247598,-0.46719403797170744,-0.38690760498333926,0.5236356987256484,0.295076519804213,0.19414494149608325,0.16244046848694593,-0.30720125041865726,0.13511781331826586
Miltiadous-56,1.3644071005678455,-0.31078589392728445,-0.7373026389088239,-0.15808695266025868,0.17167800316636908,-0.027744928826620323,0.17327227692270988,0.21458137320487305,-0.12812047108124908,0.17782712322466548,-0.06325659556764057
Izmir-150,1.8239565583431363,-0.44607701526241267,-0.003514517537853703,-0.4839391930023828,-0.4862528741366044,-0.2101497493901603,-0.24710803957504615,-0.23640521817600843,-0.3555429891812308,0.06650603572900499,0.11745681763195094
Istambul-psyil1,0.9707975503551255,-0.28350324371761004,-0.18315592664841768,-0.550197391641966,-0.27513788091204033,0.6812924083683592,-0.0173405427161419,0.11661401183240769,-0.08479393878111688,-0.01809381516605077,-0.17113086132904176
Istambul-fesbek1,0.5315821590224797,0.09313989730769219,-0.2481648706258871,-0.6033241127703269,-0.037236703886956,0.4295010029177763,-0.09565568960630505,-0.3826169831863409,-0.17374863586569655,-0.3078697624357056,0.35843360488770537
BrainLat:AR-sub-30026,-0.4842358215353863,0.43541080674557064,-0.5888287300856224,-0.7945719296031813,0.3448794576140944,0.04439552340613285,0.2578288914051697,0.2017781645221236,-0.03818764009331134,0.09869270869522317,-0.1399335173235582
BrainLat:AR-sub-30001,-1.069356676556168,0.1389263290419376,-0.025946523506890494,-0.31103128610475467,0.499408777237968,-0.30599371805766507,-0.007663842410428706,-0.18787070253089055,0.22406126728069461,0.050818244970890984,0.0907114144102402
Izmir-94,-0.8724628179978385,-0.799153899190258,0.8893773757169244,0.16234290532980378,0.1902538173687086,0.0938654295073105,0.04350441107569542,-0.2202180557525702,0.09978018458695065,-0.07496434149003307,0.09154243924810754
Newcastle-57,-0.9674500268222662,0.37584408195175056,-0.07574962054691481,0.0313061200485427,-0.2892346879093213,0.4098445948430905,0.28805154187663967,0.29426222237224053,0.14685131804530366,0.013475290573166149,-0.10128505459339436
Istambul-pisog1,1.8954760734587885,-0.13028808596910632,-0.23387871655316275,0.08342977565826501,-0.055713968892227794,0.048523506039668096,-0.3666139328997017,-0.17638176047124426,-0.10584075806951221,-0.2848043396313019,0.34842163265430665
Miltiadous-31,0.6488747680120455,0.18405285043273686,-0.4985502343432907,-0.008766099400212819,-0.2680541151094608,-0.1426103742850465,0.11687999396516047,-0.03582402585960595,-0.11428143410694472,0.0718097043194724,0.11449416665867458
Istambul-fpdemryal1,0.04301411659749949,0.45354517607863193,-0.6283141863273859,1.1303739359714076,0.12692980395720993,0.2646414190089303,0.051117535797421225,-0.18872430942049193,-0.04908491791385671,0.2874074790931184,-0.326942928090562
BrainLat:AR-sub-10009,-0.3732319121120039,-0.2502181646206325,-0.17252336381203096,-0.328609075065832,0.3265979991473588,0.04449262033358247,0.0772365076647004,-0.3311227363050815,0.12407652975019437,-0.29891933790025976,0.07400462775088273
Izmir-42,-0.7127204192285223,-0.7292521340437925,-0.21675627779149298,-0.28104456370829434,-0.03824730786892314,0.09431815224721478,-0.030494692063206645,0.4760562881274118,-0.4293638781591242,-0.045632856145381887,-0.19685890888145816
BrainLat:AR-sub-100018,-0.3794808638826117,-0.10403766595221182,0.015069547061064037,-0.3793396337417304,-0.19520455734994646,-0.09749912708408134,-0.08428426972393635,0.004821760971690319,-0.1128572172271585,-0.10860366325845032,0.0146546873869353
Istambul-pnakt1,-0.13325076548064302,0.4524116954264532,-0.028151552631903762,0.8035654175050492,-0.4739182945987598,0.03324900918447073,-0.11277720826269447,-0.23095136660615323,-0.050898109373255604,0.0013593278795607504,0.3327361976188909
Izmir-36,1.1640535223673871,0.7732856362473942,1.5383606396161735,0.4131775932421466,-0.8000829656236975,-0.7630563632041077,1.2038108836702168,-0.19250004370047816,0.3816120955604622,0.11938443799851896,-0.24989461389919865
Miltiadous-9,-0.7832956735473039,0.6730112853205945,-0.6598579102999845,-0.31602741902126463,0.5237169504315625,-0.3776979186380315,0.08718342718538981,-0.09220135664873684,0.07047902743974445,-0.0532982741224185,0.02928415051537136
Izmir-154,0.5330693976402624,0.892192455333384,0.3473437480628994,0.26646128801982705,0.11232159648024381,0.4560793476780745,-0.3511576764018634,-0.21109012332993957,-0.17018632674314813,0.06638830118954359,0.02163683660324421
Miltiadous-43,-1.4466249840174996,-0.5362253453770784,0.12341879355392577,0.4161572706846874,-0.3011293251125734,0.004593616302201786,0.16740082616936613,0.20484679163515523,-0.2630248625078289,0.024877407540006433,0.004940932241208198
Miltiadous-40,0.002148290260821243,-0.3615806379817784,-0.7280680206515273,0.21437950694926167,-0.2415145420899888,-0.20098627772256253,0.10599170893639004,0.2716750471500101,0.020060131671398963,-0.08355138095031023,0.08020498456555007
Miltiadous-20,-1.6958931973936626,-0.8060679162220535,0.24129648943212603,-0.04854144555145707,0.04611546913940327,-0.2752613074170881,0.08142514943788345,0.3160098547312161,-0.30759557198987225,0.06217304879041285,-0.13729919705541718
Newcastle-96,-1.0700050879381147,0.09214239237724382,-0.008876098668338349,-0.5360918529289629,-0.28438589392174657,-0.0279179914142923,0.376138479662275,0.4448672764809997,0.16620802236348095,-0.25125218039236885,-0.25960503097337656
Izmir-21,1.275187254846863,0.3612275493185842,1.3459199855152184,0.23775507382379346,0.06196680673308488,-0.21927773028486522,-0.11260490630430683,-0.15587569076189384,0.11728222616207253,-0.15809587053099225,-0.07224092534511829
Newcastle-78,1.6326147269911555,-0.1946522547618969,-0.016614683136226494,0.24614900331692044,0.050654498657500185,-0.33437208850955225,0.42098724392114434,-0.08156540858246869,0.04390735816228892,-0.6137329825902513,0.026381020848353764
Istambul-falames1,1.3682258400689176,0.46456129498142973,-0.6822921350837169,0.26132115594335115,-0.819579507974372,0.4639116437050765,-0.043438080738735646,0.07693542073283512,0.09435193294012018,0.39789266973416365,0.13387755691635694
Izmir-140,-0.4974302613741174,-0.5706020310903491,0.5619244869649364,0.5057157726076295,0.6147094843377783,0.003788889576813052,-0.237153733183802,-0.3921437398628262,-0.3633848262663041,-0.42198595179404935,0.08007812937328436
Izmir-146,0.4147362735591315,-1.1740340365623576,0.17978390946525336,-0.03457118225025837,-0.0838061480230399,0.3027646222448474,-0.25326737760733914,0.28769317935355104,-0.0340702140330474,0.1258459738476027,-0.24156707908740213
Izmir-131,4.088420094481083,1.564039218534596,0.6782329834163942,0.25750425204647825,0.0032930597564398037,-0.1274355699619559,0.5947698294274767,0.02708973048529455,0.3204835761802962,-0.0025943819029746675,-0.2386200600850968
Izmir-145,-0.16582700296827815,-0.5112349768412541,0.388285531078653,-0.9987612123202521,0.3896486810089295,0.3752877115697132,-0.21978383466921175,0.02536675993994979,-0.3148425567568812,0.23893132460694047,0.27656034243787664
Izmir-50,2.8283594724528167,1.4003057460350192,1.657760691027678,-1.1209454814363504,0.44554399387115595,0.3325509682672223,0.7503550814935502,-0.20622425376890213,-0.5016609911532465,0.11532222195177794,0.03421994131845066
Newcastle-106,-1.3391161858861649,-0.4281846522762273,0.29138320498227555,0.07230096538433863,-0.061406824848955335,0.00510295220571653,0.04420480231063702,0.3457620128669682,-0.33253695171625125,-0.1508025502452751,-0.20463483213385283
Istambul-falmdem1,-0.3089614052743576,1.5246592476037364,0.0488503922016795,0.1548866286271689,0.45910632827481584,0.5214996280660946,-0.00948823980853874,0.15911260738554367,0.24545263080466206,-0.02733256281687495,-0.16333376237677052
Miltiadous-35,-1.3720766558639752,0.6471042900676243,-0.3826631036645619,-0.39758259882342367,0.20005109830692264,-0.04380920016666418,0.2930868124863946,0.18240661864209143,-0.27687394271658755,0.04558388762612695,0.05545266325643859
BrainLat:AR-sub-10006,0.0003978784132545376,0.48984663774304954,-0.40059954676442805,-0.6297680274427218,0.08371788592759523,-0.1592853690722532,-0.1657024219232249,-0.09205016509128804,0.12575614125744244,-0.037343724694380104,0.03787788316269775
Izmir-119,2.9946015811905506,-1.0028881455231735,0.3554725190255779,0.03284382139449344,0.23885473087753376,-0.4483363211875214,0.12936513558936963,0.08134004637047766,0.6983079467749495,-0.05586803113397636,-0.11488105735025304
Miltiadous-44,0.7001825716953944,0.11465054353697406,0.10995811104403565,-0.26441502728049315,0.5798391011794531,-0.015495379036686796,0.5345965977025201,0.07674898114535435,-0.5613112208007552,0.2101865770613435,0.19993069064319496
Izmir-33,-0.30620593111234845,-0.7334542399248287,0.8229818866022338,-0.0413883315375556,0.7219622228456206,0.11071446451695949,-0.1680121308847188,-0.2036119861719357,-0.006766674775626704,-0.17225948331161509,0.21300810344595794
Newcastle-101,-1.6217361258715213,-0.5589156670365777,0.14333294022434012,0.7977554417320855,-0.2492667894757505,0.11467388932468162,0.11486244640037226,0.3164008304322517,-0.3775823200921596,-0.005884479446586087,-0.2790859758680432
Istambul-phbic1,1.8328911269369483,-0.35221914922064557,0.38551543344755096,0.39327566242853046,0.3907723322618718,-0.2253890766047964,0.7682710724215811,-0.22678289827706954,-0.06192837829044686,-0.22768326273935013,0.4328950649297381
BrainLat:AR-sub-100035,-1.0022122814277674,1.6734788832106215,-1.211621409035133,-0.6597625287477189,0.38168825355384584,0.020704240310485515,0.18521291162021689,-0.022457278975217265,0.1365691531669826,-0.15588419751876234,-0.33539156368668804
Izmir-18,1.6116530904112372,2.5376199420268866,2.4412382819299125,-0.25959612501311974,-1.4133836409767766,-0.779786086326071,-0.9414775420506706,0.5356063159725711,0.36655326709410485,0.05798082461987455,-0.26661178749557657
Miltiadous-19,-1.3080009490075495,-1.4690162176779065,0.5458460020401463,-0.12105553886725208,-0.01496235405265013,-0.15849325368846584,0.12437747917448336,0.0028586287994589155,0.12105162105836206,0.2137512806109094,0.06860766822652223
Izmir-47,-0.8593687598868412,-0.0038166434770512746,0.15033189766145938,0.3513371623665699,0.08768881194210291,0.4650087977666001,-0.08148156969778995,-0.27904081494205146,0.36468327887370466,-0.2192216414558658,0.12484916374426867
Izmir-89,-0.10009540566067046,-0.468903645609293,0.6477260624218079,-0.013553630941774702,0.26762986275436607,0.1621522095034381,-0.05185707373988302,-0.2791811325202539,-0.10911194892402978,-0.14187579972405373,-0.12597684774896273
Izmir-156,1.8782442703355071,-0.08801504722198049,0.39941195345964065,1.0753595138047052,0.3198697536436812,-0.1980482801327767,0.20543715788455114,0.3140751081231422,0.06937527619579033,-0.01915779846009398,-0.24935894236593847
Miltiadous-21,-1.2123650679096467,-0.22982864073391926,-0.10092967010487373,-0.15658859554694146,0.13754725629373996,0.13226467380847626,-0.02623476897451023,-0.004304120172328102,0.13929821188308994,0.19451946952727936,0.31059368639461654
Izmir-139,-0.46608145501933657,0.47084117864931585,1.5993592974463609,-0.3723428082169948,-0.3917541666977616,-0.2334725391509476,-0.20392630197669345,0.27056811998425123,-0.052354475397884674,0.10617203271999204,-0.09176546770291029
Izmir-135,0.4445423767555848,1.1595995415682776,0.49140785011502486,-0.7441072178363348,0.41585420949786045,-0.05251730856237215,-0.14315426298692469,0.12683955320554777,-0.20805323094441636,-0.0551477156690889,-0.17862029657057418
BrainLat:AR-sub-10002,-0.6522178751464539,-0.7905318866455227,-0.03050301186395047,-0.14866355818121044,-0.12126012252528319,0.1252800543978546,-0.03834849553297265,-0.11333888141387848,0.4215564116567595,-0.10199046572853142,-0.11992635972778512
Miltiadous-45,-0.38853730171251566,0.04075401785096252,0.060063917168149704,0.09604287870569207,-0.3352569409620504,0.15470140587333311,0.020412371472031506,0.22391143612807352,-0.03180019961365361,-0.09173169719565133,-0.042247430979207634
Izmir-125,-1.0436806146545552,0.6051979166857379,-0.6047172743727114,1.2738142953807758,0.07952870069090133,0.1885605965402698,-0.10399538888816565,-0.2765059617822395,0.23158204806870442,0.09216199087437713,-0.058927655592090844
Izmir-40,0.26059715385738774,0.33336429283508956,0.7737622976055207,0.8321361651440183,-0.047561457777071374,-0.15920952469162675,-0.21802679186885748,-0.08001883612204629,-0.08865172745456566,-0.1428606206953976,-0.02258042018701679
Istambul-pacik1,1.9225002446147303,-0.4163413475293613,-0.5734288873519061,-0.19172753910289406,0.15326743945580143,0.5513518926474837,-0.0669862469823548,0.30437513074865896,-0.11241040141319952,0.17852907253271658,0.018231507003761343
BrainLat:CL-sub-100010,-0.9833496734435887,0.6161044811390172,-0.619625889609582,-0.22163540764008882,0.2194437722497311,0.030730098665783724,-0.19123693145797369,-0.02836386095087709,0.11493979312824511,-0.153120592339379,-0.02030431331285771
Istambul-pnsog1,3.4935130254095195,-1.185063469856003,-0.38546446716421673,0.9077773055076831,0.8194722185587549,-0.3675986104532903,-0.12634448658758005,0.6100046330756628,0.0956880683068889,-0.31269980317728585,0.28465421883915454
Newcastle-53,-0.25944669604541587,0.40502937013358414,-0.5070356546556518,-0.5208026475121172,0.27847138441331093,-0.06271340563563836,-0.15570331318802735,-0.060960197624896545,-0.08020391276618126,-0.4544091716931132,-0.02833514808981921
Izmir-130,-0.7523166098603264,-0.616410778446878,0.3849633412205669,-0.06389133792100242,0.16674766508776379,0.17499234497717023,-0.13705888983576117,-0.24307159572381118,-0.2641144666432613,-0.3764257485766133,0.07381123727341686
Izmir-17,-0.8843396402682333,-0.7155475843048795,0.6067516276286404,-0.03645996354756725,0.08541064717198131,0.12276194937397136,0.05461246784252626,-0.1463362518815434,-0.08027010972671624,-0.06661026610815629,-0.0021687237687832276
Istambul-falsgul1,0.035468835526887954,-0.48767825992618746,0.15403880251195873,0.567812467569192,0.2850256179904126,-0.2921499148504111,0.2413153878616295,0.16506354900549144,-0.3085197077795123,0.06669801014365881,-0.07886645887321816
Newcastle-97,-1.8613218071537834,-0.20072276392876479,-0.4667186489082434,0.018800142362049438,-0.04550097563236398,-0.09004719956989565,0.239956509065329,0.21460436136865688,0.35371411537002445,0.0024089159645884605,-0.19111028747121592
Miltiadous-38,-0.7601085265433499,-0.6278674910199473,-0.16052460406643188,0.19920646464531003,-0.2268908306886092,-0.09689486616469659,-0.04051293314498407,0.18608610207171028,-0.33373528068891256,-0.012713517560495607,-0.05910569725991929
Newcastle-62,-0.7247614092745186,0.8829845639294067,0.207435965722533,0.20794061098741912,-0.4441689783659053,-0.1013659219994546,0.08184240955316621,0.2197335954233025,-0.030276138065338968,-0.08954593776508767,-0.05185346727080931
Izmir-29,-0.5446269705944642,0.4174327081163667,0.4985430878021815,-0.04777829136644181,0.2756396771173028,0.0688690143533321,-0.32670404108907763,-0.1719094441857285,-0.04001479141241123,0.0023369488606768277,-0.09141435771661728
Miltiadous-51,-0.8539396032197897,-0.2775684700913229,-0.7026771890216138,-0.13854621788670823,0.268928361746108,-0.35740318348070904,0.08062294259118988,0.05789065742440414,0.029228659482918484,-0.08874093166621519,-0.10807692182929668
Izmir-137,-1.2682026706612624,-1.0251681991569859,0.5147027489280698,0.5118103339046901,-0.3162208943551657,-0.1799830891548012,0.03332452554643393,0.17792845216010525,-0.476177864051998,-0.19296512141882272,-0.09974490155025457
Izmir-120,-0.018037176583844808,-1.5012332747821586,0.5856804737204092,-0.5574607076752089,0.12058984546070857,-0.12490923832278086,0.03572513206915809,-0.15704254831782327,0.3724604202246466,0.5416615041781078,0.12736813885829348
Izmir-34,-0.6896594702433433,-1.1865587609918262,0.06934751785394627,-0.007391585973164423,-0.18076942964034196,-0.3782198176609417,-0.005602491540976569,0.18944515242872298,-0.4631637959998053,-0.10741419904964822,-0.2685815073574958
Izmir-129,-0.6843225941121704,-0.8459090845154931,0.31159720738610497,-0.0663952168994804,-0.0177729161218099,-0.04911614907267953,-0.2460788816856862,-0.1530056811698048,-0.2155610365048766,-0.2039023590912242,-0.04075817107994365
Istambul-falscan1,1.0021314395607963,0.7710616949047275,0.46826670560801553,-0.7233454973413371,0.6450850125914761,0.35444674026197404,0.22323725736647662,0.2528007039785675,-0.28233389670338055,0.05674152115083645,0.2697842195772334
Miltiadous-8,-1.610332610055958,-0.47388871963002005,-0.0701209080939347,0.10536461935323356,0.26492224154619476,-0.3257584779701974,0.22728044688647367,0.24786276848107253,-0.4379093626360237,0.03451307296117856,-0.03888307175247927
Izmir-141,-0.4636384990439647,-0.5482904061324149,0.431008747706856,-0.28596371801151405,-0.25643520814255827,-0.05074257871122235,-0.2517699830874144,-0.1609628778600413,-0.024768722107812936,-0.030633717081729517,0.14449018841671443
Miltiadous-46,0.7164514514164099,-0.036127176705810504,-0.0036671468601506456,0.12893856090029696,0.384731999816281,-0.1921129081147256,-0.2778259123255209,-0.3404342497522094,-0.0020525001139723767,-0.009576374581498752,-0.0748640929370888
BrainLat:CL-sub-30027,-0.7793060926117107,-0.196318659551526,-0.2044648911318854,-0.2560287910442654,0.15303197703824634,0.12100556282327173,-0.057752827833962815,0.0450106397949605,0.34189044175253913,0.18967307002048772,0.037338283163988496
Miltiadous-15,0.5591193924794794,-0.45845650101390684,0.2162076096760486,-0.36550864516194925,0.0861263128808163,-0.1195892108513703,0.31898566711712334,-0.11927989257503821,0.08304869796620103,0.3731246756562429,-0.09159694977828559
Miltiadous-64,2.0740871728152173,-0.5701461221134945,-0.3676093461715508,-0.01817760025856402,-0.24204169916970208,0.06782223095404923,0.37720912684370966,-0.10432820786343328,-0.05407001122690057,0.07784752750683177,-0.1931435418504415
Miltiadous-42,0.861930508331192,-0.47330002477488897,-0.32906340723570043,-0.28846467803553955,0.0001235534617886201,-0.06239136846179489,0.12199902866309213,-0.11336517331418959,-0.1951562117763365,0.07581177721141948,0.07765621416762933
Izmir-122,4.5256929791777445,-1.1236386948327213,-0.9915760432490586,-0.6248864610605204,-0.7436697003573477,-0.784380640796435,-0.06014301487815209,-0.37330288780257087,-0.15107140064106964,-0.009507030961879638,-0.2994015820983104
Istambul-phcet1,0.867112129920702,0.465990523404139,0.18575228102971902,0.761350064982761,0.14958932136056488,-0.231593941250872,-0.11468539691198301,-0.03572321436814228,0.07448473012633633,-0.045269045672046,0.1508942561984931
Miltiadous-23,-0.8920409012377883,0.008432991466807687,-0.05352561953445476,0.1127523339123161,-0.34545056865535423,-0.08574177008570064,-0.061290470143595475,0.023420559830678866,0.30156688351440386,0.24914866451087556,0.524733206496524
Miltiadous-53,0.6776591771653477,-0.5140652782032387,-0.5079887789608475,-0.3067343411025453,0.25797553867547696,-0.0582026039648349,0.05878539740285344,0.23921041187963948,0.49752212750223496,0.09224777340128008,0.03927056270980904
BrainLat:AR-sub-100020,-0.7888812297068862,0.45201134399936593,-0.24515667426023008,-0.25626434307203955,0.181083600560686,0.08131877665125532,-0.14146946029925844,-0.0976235186661928,0.257072383863589,-0.04334570701978587,0.10179687975787909
Miltiadous-34,-1.277497981513857,0.1242503995701592,-0.09350337196052026,0.048251538691476276,-0.0944931546580753,-0.3030671026370872,-0.29787172882217183,-0.0022214713983119416,-0.028674419440286664,-0.07430643771666634,-0.1437465615721534
Newcastle-109,0.35178799140864914,0.48577513291347735,-0.23073263808696803,-0.6304743500205812,-0.2137329560011282,0.1543138816711343,0.46445905876808996,0.29287606632396607,0.016752493588621603,-0.392339744661351,0.04467762427421711
Istambul-fhtun1,-0.8607143601650554,0.08520992443405566,-0.010381885935671504,-0.4359971014197932,0.31752937349584376,0.5612741467779154,0.08815950051105226,-0.13819224572598565,0.22096647127232003,-0.05025839107887161,0.002789091837838458
Newcastle-81,-1.2713433537349026,-0.6819392797221863,0.14245230300229292,0.27442376722630824,-0.06845808229037965,-0.05514239260771659,0.1470823333111286,0.22169118997603168,-0.13013493772429136,0.06782681433505065,-0.3376135119376383
Istambul-podog11,1.8085000856811513,-0.557133126751823,-0.0307622663206065,-0.16190272139823123,0.1494788998260879,0.3582862035879631,0.17421272398513604,0.14626935349978615,-0.010835912897386349,0.007111031105436088,0.08780925043588084
Newcastle-75,1.0463288619569804,-0.6060864814994161,-0.14859845431139448,0.20039006856837646,-0.3372523493044486,-0.08470437854663439,0.3228982920428621,0.05627964945158144,0.5231424689651852,-0.45530603319221286,0.0027596302497711767
BrainLat:CL-sub-30033,0.7861887792499811,0.4188606648023977,-0.6226746743849374,-0.6074578864789695,-0.3163849085848355,0.0007955516504823726,0.37562833001538365,0.03689825919647418,0.1372241152996962,-0.05977375136050053,0.007787011015322096
Miltiadous-47,0.06317730054872106,0.2034553316252852,-0.23028206233352727,0.2747723230430478,-0.9873813614614935,-0.20980188714663386,0.06710609713064561,-0.09100640725308769,-0.23349872804094024,-0.027255587433710055,0.45852237701705656
Izmir-114,5.6801391373877115,-1.3416812083395515,-0.6532891193459345,0.28164958980120297,0.30549131932555595,-0.40128358576634715,-0.31798834514357266,0.37743572647089474,0.41780834459755367,0.23666649232881207,-0.39566226690294065
Newcastle-110,1.7548199341667226,0.1262127221611696,-0.08869018289499118,1.4213340929287794,1.0465159623086393,-0.3005295758369415,0.1598784095477223,0.7588181025636266,0.35086886986481375,-0.5835335437547198,0.6121648233461331
Izmir-13,0.35200497750094306,0.40377602315167505,0.5536196415409184,-0.24833558041745518,0.2422178105168962,0.09869277461147336,-0.012671768311519425,0.12897502745640133,-0.12359731615716496,0.275913693617132,0.14751972832596233
Newcastle-76,-1.4991661372324523,-0.003567610606175433,-0.24335713435941755,0.736185318701742,-0.28875124604864355,0.13329121703658156,0.08933835865970452,0.1630848076746652,-0.15579770215928906,-0.018539724393929445,-0.059899196656557935
Newcastle-77,-0.9999862985027206,-0.9621333077408057,0.18976316432853643,0.28767575431583164,0.0520675381759412,-0.16174947123037356,0.16244440855522796,0.30864169555482457,0.4453977579512534,-0.08531522306487585,-0.02293986459643026
Istambul-pkbay1,1.2780959553242335,0.25677907660874166,0.16863432697044364,-0.4060251911236276,0.13337780492552298,0.38388946891010045,0.3322915508364504,-0.12967566342137354,-0.10364410742945156,-0.03853935440408359,-0.09166701248981309
Istambul-falymem1,0.6313512778667945,-0.4436717883488189,0.2850540471192675,0.2269814089751469,-0.6509725465652354,0.17117746647579477,0.14752583358350776,-0.5122624265547244,0.10038475494304724,-0.32749797089507376,-0.05224827618816174
Izmir-148,4.080541645260553,-0.09224338937523074,-0.46351248820180696,0.04688503064280516,-0.49692715916087793,0.1733404428045228,-0.29458423419084323,0.23577466509906447,0.2667656224971607,0.2395257785825249,-0.06219474614776896
Izmir-128,-0.24319814563990977,-0.18171982285224425,0.247635384980727,-0.2654182644217189,0.2864864911572768,0.5927950189848532,-0.2036438429556493,-0.2067872324821804,-0.2374289323490457,-0.20789633451150058,0.009915051197144337
Izmir-127,-0.7735082863041227,0.0665620232061442,1.4107992548067794,-0.550458353427941,-0.6060590078675725,-0.1966835495894768,-0.39452358019022093,0.15910539834677676,0.23001555351669653,0.05233777100336978,0.10046499329822318
Newcastle-61,-0.9890756530644059,0.4760754992037175,-0.2576396121747149,0.6011980546157266,-0.4798307892162634,0.17810392218096188,0.07683628661858265,0.278064038890847,-0.044392831852373485,-0.056952349244981305,0.1310146786972544
BrainLat:AR-sub-100031,-0.9048619905010116,0.8406691671222328,-0.7867914717632517,-0.5757693808393729,0.4781682491573917,-0.4020210588394149,-0.30984763853028496,-0.21134443112443796,0.0010035946809086919,-0.01868444126454641,0.02023822077941635
Miltiadous-26,-1.7579992957311967,-1.0986197488421807,0.5303863678320889,-0.1541647848339165,0.06657444126787848,-0.1976728343832977,0.0013891597695400721,0.07475635741006788,0.28699878787981103,0.3203589002520495,0.08440413271049542
Izmir-46,1.0361687484898796,0.12565981179955277,0.4007202178963218,-0.31779657750697277,0.3050525163353351,0.37701140500247243,-0.11865830894795568,-0.5061665960696161,-0.13253853380017105,0.1049405746662966,-0.18607708819039687
BrainLat:AR-sub-10003,-1.73062701796476,-1.0374269684749624,0.23939227954152387,-0.14822325679747214,0.23798268410921616,-0.1639927606888469,0.062188387672142666,-0.028260892483714432,0.37239362661504205,0.44576989142766676,0.2591349818918348
Miltiadous-28,-0.8625919559535241,1.6106634572554897,-0.18964501643926857,-0.47404333734123844,0.4562390508867888,-0.4192304976649891,-0.054668139564328894,-0.011024152794425132,-0.24786495749960075,0.09321251352208605,-0.03933385423792866
Izmir-157,-1.0480816735499479,-0.25517199388816314,0.22107442391236556,0.49501697644381354,-0.03775296031438206,0.009693422037064772,-0.1660374855103465,-0.14024535164433494,-0.10420411759204815,-0.19350079787564056,-0.0024721535962709267
Miltiadous-65,-0.8818188899607697,-0.41541984207829064,-0.566694922689601,-0.2227283657400167,-0.02616340615063954,-0.09553676551919146,0.029890154712061894,-0.08786423931447215,0.1757673725506631,0.1315400910121185,0.03523686795960345
Newcastle-83,-1.1722909449333985,0.296893995861505,-0.19857256287056727,0.09995138441630269,-0.4635915017272576,0.1545873532770136,0.4714428248244176,0.16271749894104476,0.08038220068841094,-0.13771264791702725,-0.01792256054805078
Miltiadous-16,-1.656754973685845,-0.15767319618973108,-0.03475588360587613,-0.05058342503508652,0.19209687747844398,-0.437779584145605,-0.07433520831081265,0.21481470156482188,-0.46358694596819316,0.04049786767607475,-0.1991346020220852
Istambul-pnusa1,-0.30844691786973216,0.3826471864538297,-0.13784198020259347,0.7111791568613239,-0.3087583085910645,0.2053750098339267,-0.19234523320059205,-0.17774053859719183,0.13273867081770835,0.030230290087421653,0.08287955743268015
BrainLat:AR-sub-100033,-1.4756617640123928,-0.30679961397476097,-0.1064371723930938,0.059718262060626505,-0.3149448048760754,-0.2547697857244881,0.04200818911863665,0.316003857483382,-0.41484422309968283,-0.1341064270162502,0.2644989188940617
Izmir-23,-0.8687731830530286,0.2594396525074665,0.25475715350614786,0.3840418359803126,0.4518847938734268,-0.20325971093865686,0.0018115676690357127,-0.16661758996705123,0.2130713547607819,0.13367154441352158,-0.13215622318520467
Izmir-147,1.4729452170649455,-0.9370436066351326,-0.16604235254849692,-0.0827056313830391,0.4156371103151095,0.37274150125897704,-0.3962327306536073,0.5879099683087431,-0.15945001563813396,0.21065414928700316,-0.28868033963768674
Newcastle-58,-0.989482826682145,-0.023730459281190004,0.3081267133447147,0.6285759237985908,-0.6408332466631422,-0.00990894171857439,-0.18506958702452694,0.08286230200666546,-0.18536047038405862,-0.1880682600468282,0.1930287095293727
Miltiadous-55,-0.23882038527068244,-0.3119014135256959,-0.7858396652738573,-0.23829296605611716,0.07830917452244063,-0.24712125911364907,0.04562654061654279,-0.23014704625420562,0.10816456817042722,-0.20129700579988294,-0.17828555137148783
Miltiadous-6,0.536824665225729,-0.4798567692172461,0.03393380301235761,-0.030729564033503066,0.24365599954158557,-0.3825868711396582,0.5314896510572502,0.05498143755648794,0.1263010279933041,0.03501686871530151,0.0916680752172613
Miltiadous-25,-0.25397252082458616,-1.4212565925437148,-0.07211981072200031,-0.23379047466374617,-0.015711183601389223,-0.08767230225682142,-0.047824437668634895,0.13160798855342895,0.2807300981250694,0.2929598273679936,0.006596621528093143
Istambul-pccak1,0.645619006202151,-0.7617230927126091,-0.3505103010906792,-0.21016087801779976,-0.24130648822652798,0.05490862059655697,-0.3836172879540431,-0.4317769983301697,0.20236145716799994,-0.23030712255328376,-0.018240831115754284
BrainLat:CL-sub-30023,-0.39219612717398916,0.8687522318853811,-0.43814588226461443,-0.5232974464721662,0.007195172412224394,0.3851807939773997,-0.04020280278406845,0.13792923208407,0.2237212289940457,-0.03015475148572222,0.08690151811256751
Istambul-pukab1,-0.8821617943289702,0.5005701909302767,-0.12037114686779814,-0.0049754588188367374,-0.1407102586090083,-0.18666388511217738,-0.19870739921550182,-0.21969875088976054,0.02187638334553227,-0.03119587085407965,0.4525018410301048
Istambul-peakk1,0.6312698451353348,-0.2875213014527677,0.23616702689311772,-0.40062632740694565,-0.3809162646637877,-0.10741063009427824,0.9009895908736795,0.06827754710125451,-0.07337360077528651,-0.20209654412206918,-0.18493929381993077
Newcastle-72,-0.9936414755953399,0.02510444302442705,-0.32699490175747936,0.6234493487042534,-0.622859512342608,0.19464024627395965,0.08630088534276424,0.145295578977435,0.01069871539679296,-0.2886823275092211,0.06472961157897242
BrainLat:CL-sub-30024,-1.9744433243215054,-0.33671949188868494,-0.42854550103769723,-0.5263522018324517,0.3829183710899234,-0.5124329552307816,0.10893136366101469,0.08763571083816467,0.28642168830888204,0.02593778194539373,-0.09657703744702788
BrainLat:AR-sub-30008,-0.11034924360263523,0.64560361987302,-0.5565979000990127,-0.04925123202285121,0.3349109697143896,0.3239475799538779,-0.13950039555149465,-0.08474697524743482,0.05395425741369227,0.223372223365239,-0.2416733497988156
Izmir-30,-0.197573898667984,0.8516959325935564,-0.43272728577094693,-0.23276077621171748,0.012573654043216146,-0.06345531637821296,-0.3113166529988935,0.07846586380072625,0.008284672232912987,0.12306458326334739,0.22398981222544245
Miltiadous-4,-1.6946230212238969,-0.6101975514504949,0.45466777542374226,-0.08712473253259542,0.16432239185043834,-0.3237649729913611,-0.14466172583076028,0.0326359616132295,-0.03957496556452016,0.31720522712954574,0.09545879436946339
Newcastle-85,-1.1001795628663138,-0.18477455201918705,-0.1599549656746239,0.6415471092379527,-0.2980024064354304,0.41726096891476233,0.04797347853986128,-0.001144494637921241,0.1925283942478146,0.20373658862525548,0.07878960010464862
Izmir-113,0.8785496161007009,-0.4961730819336142,0.6238010218852147,-0.1594293126939734,-0.04792126397313178,-0.33407852224958534,-0.005885301022523889,-0.3779611517182552,0.18996057803139307,0.04291122289387424,0.037116564355908696
Izmir-136,-0.419657452721206,0.133864183642469,0.5327337535440966,-0.14149305218863817,-0.2752930236007329,0.5042582729177036,-0.30224643452752753,0.07901430805178469,0.14420885372069225,-0.10213629932589509,0.018768815078182
Miltiadous-54,1.8554172881961268,-0.4645883370155077,-0.4835950667779738,-0.0028024186992249667,-0.8089341718623134,-0.18871253669446675,0.060429687619250216,-0.3707002301164553,0.0059343113155051795,-0.048175226918052386,-0.030564563631575472
Izmir-144,0.005735151121481488,-0.21713494959835683,0.5852123450691109,-0.9518513082503577,0.4553456100858824,0.7786528963451194,-0.01944133812159386,0.2182593323179453,-0.1658825439565879,0.1601948035402852,0.03952674054697027
Izmir-16,-1.0971774401307657,0.6567162057354342,-0.9272080497291161,-0.4952976936548304,0.03905098184802019,-0.7243939472159896,0.028489318112132598,0.2248960527376268,-0.15473765375111098,-0.26488376562548505,-0.05260700799997374
Miltiadous-5,-1.580856623988492,0.9178824733879447,-0.9757245518408251,0.22499317807710353,-0.27902720540579856,-0.0626379884743147,0.08497091047410243,0.12681253991945596,0.07374721575382953,0.06182189354477263,0.1964462064368453
Istambul-pnkok1,-0.06602726464845615,0.6523695560592175,-0.30694728467603716,-0.48773924734246277,-0.5133315938079249,0.5139801335556978,-0.28766715427934375,0.08744122981792732,0.2387657481401533,-0.18813945925079079,0.010985550240180619
Istambul-falfsev1,-1.4695355637704377,-0.43975702736142874,0.3092909875094039,-0.5976312734364732,-0.1383275953986508,0.3729989193950557,-0.04503760280214227,0.40445896209617843,0.3823387311563123,0.01716344765826093,-0.006919720988230384
Izmir-121,1.604941454182289,1.9927123971073877,1.7555645945590503,-0.15655487076922892,-0.4114140609771079,-0.6942837026351567,-0.5294787845011139,0.230958295372212,-0.12470794451884457,0.06908226961488255,0.1601226122294851
Newcastle-98,-0.6775361726304346,0.041667722264841826,-0.04532364098631917,-0.27910245653713434,-0.2174384279286108,0.025650850641177492,0.3792108842729855,0.20132318672693145,0.025549129492148787,-0.15968346521394183,-0.10240774907457133
Miltiadous-17,-1.5463963541318329,0.25339562903445273,-0.3407958184802796,0.14910373597402438,0.1035939682931759,-0.4323155180001693,-0.058130885271956,0.06049704964610689,-0.18295446529226367,-0.04554769171484934,-0.2417707958066615
BrainLat:CL-sub-30035,-1.1631592383656313,-0.2463353232010203,-0.2743253796177603,-0.5457570373871675,0.2825838072408633,-0.17900442190042384,-0.028540245875149715,-0.04303583128727741,0.29005461798777,0.09231125843795751,-0.06299099565619148
Izmir-38,-0.7735082863041227,0.0665620232061442,1.4107992548067794,-0.550458353427941,-0.6060590078675725,-0.1966835495894768,-0.39452358019022093,0.15910539834677676,0.23001555351669653,0.05233777100336978,0.10046499329822318
Izmir-117,2.8560542542720375,-0.0774052185940225,0.04916910161119009,0.18239674222440488,0.7650555889503107,-0.09304672245718303,-0.3443515498561865,0.593481973889077,0.17010461208168284,-0.11506457178991661,0.15933277981682145
Miltiadous-18,-0.18473336370519777,1.0902864829627292,0.3074605487579421,-0.05890892251627991,0.29673691266913854,-0.25258534775842917,-0.2511696191508528,-0.14380469819442718,0.023663146399665942,0.18613265771443455,0.1702518147319806
Izmir-132,-0.6105585443368128,-0.176009445281354,0.30927779559495067,-0.31930938699066147,-0.041697881237782695,0.35453325465644075,-0.030007964183130304,0.05485735973266976,-0.06531556848650551,-0.13304225404200443,-0.08639508938567789
Miltiadous-49,1.7856286961038461,-0.25698291637673865,-0.399011673895085,-0.5397059466208523,-0.4747804853027749,0.0949595187268053,0.2697592031545128,-0.22058769560791522,-0.0905540989758081,0.020737198607825927,-0.04765705846494886
Istambul-pegun1,2.404643925042276,-0.8639831361143376,-0.7163545493084683,0.05107113886547708,-0.8352314104142432,-0.0011969773237711094,0.05732309905708431,-0.31757487019413844,-0.21661286142273722,0.05410752012273398,-0.10188300540362576
Miltiadous-13,-1.529228533458787,-0.04995213920727338,-0.4941153198395227,-0.20247423379230542,-0.008665861490711557,-0.5233839803080478,-0.024787442652400113,0.1066498526284712,-0.08932659649962903,-0.048106339712208145,-0.1283432574881221
Izmir-95,-0.5499938970385906,-0.20674049211684978,1.0827334704935625,0.07675742478908196,0.329129800978859,0.25639003902289825,-0.4022312472950468,-0.21535772018753846,0.12988370774884864,-0.2443731294839214,0.007450453678322156
Izmir-87,-0.36019524921859924,-0.05925446307651439,0.5319735789740985,0.20085345297234347,-0.2986132094968797,0.13784169665198145,-0.25269341478975266,-0.33626665738707273,-0.1091187940279412,-0.19582197600871767,0.2050549454298449
Istambul-falecir1,1.7683236599869345,0.114008778228392,-0.16777810448397093,-0.5144187425899561,0.03710430220753156,-0.10794825818279807,-0.16506800307833314,0.1670887981919092,-0.11947006005873391,0.1685231233757526,0.07361750337988952
Newcastle-111,1.0575229152316639,-0.14374437536308132,0.06029730530057836,0.4102260427739132,0.07667439861116927,0.3092163620613804,-0.057822845518954356,-0.16531649374821325,0.18128344301608007,-0.04135753131424035,0.057692395343534424
Istambul-falssah1,1.0382399901702286,-0.46090468089308945,0.6367337899721545,-0.36287281850873454,-0.01488574080480793,0.04084353150205118,0.4587349126332797,-0.1607752493366309,-0.07599602452947089,0.07508329132170916,0.008133799370793044
Miltiadous-48,-0.2163591961698606,-0.34617207798837707,-0.543333002417807,0.34793016467314314,-1.1000245372941664,0.16187401966622458,-0.06036188329141577,0.3502787273303659,-0.0437562918384815,0.08700554095513055,0.733769715837426
Miltiadous-36,0.5408218663375601,0.004897920308816661,0.27339289313077686,0.3663085958372643,0.40485933096002086,0.23472056208467898,-0.04112205004031327,-0.1942297143476607,-0.008735833336721626,-0.19696347222984747,0.11457234801205696
Istambul-falskar1,1.743362179006232,-0.6740432478401843,-0.015142795410368514,0.24156124467069054,0.46459010028371983,-0.3532859481746932,0.20594487027911262,0.05608962120482322,0.08171808786285878,-0.12906925106177325,0.22965488341537518
Izmir-90,-1.1094132985334408,-1.1481308718362382,0.572449247066487,0.3721561246046492,-0.4128489270733118,-0.07396017541513773,0.08203539068084739,0.4121959856750657,-0.1457259034981708,0.013280230084311492,0.13010638651697173
Istambul-pssog1,-0.4524269578414413,0.8631173658924589,0.03285696106190595,0.8843093294622931,0.34467079831907477,-0.07758082452610222,0.03541274782241249,-0.2569104748543803,-0.2774692658247924,0.25493676567236034,-0.023626496662245696
Miltiadous-12,-1.2533895199363425,-0.3603898742028085,-0.4302750381422314,0.4097552165216832,-0.4005426989370859,0.11231082960674448,0.22475612853200835,0.27956976613982676,-0.2686984477100366,0.06899370589664897,0.1875427116942884
Istambul-falekab1,0.14455281101953624,0.2045848704351439,-0.5900034971851562,0.4533128520360485,0.09544417898999734,0.1838039471269661,-0.24203777443741392,-0.3730452916521179,0.22526680554081663,0.14099163232688328,-0.21275387978089405
BrainLat:AR-sub-10004,-0.9484860916838709,1.3651629782480963,-0.5559207187042369,-0.00257275878597495,0.4434827038113392,-0.03166503240655863,-0.3160483134215269,-0.395103365177723,0.16679264745952102,0.03414438168519459,-0.11869013886731414
BrainLat:AR-sub-30020,-1.3983754148106948,0.8302022687207222,-0.7944237532184898,-0.3357567707714393,0.34138988665212794,-0.37240308900143504,-0.12587295457414135,-0.2655631592184828,0.15588617951567815,-0.09387350106842439,-0.13619128371557462
Izmir-92,-0.0012331409812346176,-0.6063816628117078,0.3069378911627336,-0.44141609274509486,0.10157768231283282,0.20214425019335427,-0.48421335832673545,-0.1946736247280311,-0.1071349893255195,-0.1708600849002356,-0.056246182236774134
Miltiadous-52,0.17564215374859526,-0.3097130031965171,-0.3519426141370198,0.14637376568757876,-0.012639310405590137,-0.13968730939721807,0.017555953132177223,-0.334841168951824,0.28423435328940705,0.023660519993882814,-0.04670378837544166
Miltiadous-27,-1.8456265695047773,0.12059047099361991,-0.5022735053413008,-0.11493443108342878,0.22442642546476485,-0.32950641084075716,-0.032615328098275075,-0.14881534167095578,0.14066676802015435,0.07730029578476244,-0.27745811271830545
BrainLat:CL-sub-30006,-1.4452554454475888,-0.12212927958604383,0.09583589660861784,-0.23666436061376542,-0.0026857351719250257,-0.011357659063170263,-0.11018430938813954,0.12343187581256695,0.2567432495000646,0.15873479541986302,0.12602842204858358
Miltiadous-32,0.0488954645596516,1.2572182399979175,0.04353649921077379,-0.5897773378574687,0.2475297221556187,-0.4532157018060272,-0.25118291496561834,-0.20389955225587697,-0.27498846584324527,0.19933289760093936,0.26537534544943425
Izmir-88,-1.480221570493105,-1.6291705685921114,0.936249030580438,-0.35526936070413406,0.13479925753788902,0.03594354348672826,0.047976626500965895,0.10031017310080474,0.36675780652326356,0.4364600672557324,-0.002813817331571975
Miltiadous-62,0.06566009503832025,-0.8451178122426819,-0.1345997940051605,-0.005289302377500866,0.0726266127829968,-0.0748713780187269,0.30602960300090937,0.2940157629803205,-0.2850613866844808,0.25140401615718033,0.10891663602699624
Istambul-paar1,0.1681497523000409,0.009943062291329983,0.13288380904823177,0.16650591457757494,-0.12263149237236676,0.11203448913275267,0.23697394189389645,-0.11516662902029715,-0.20672394012287465,-0.005659144814034845,-0.1669050615133708
Newcastle-82,0.17242167865883593,-0.005596673508211893,-0.4262759540340593,0.27497195873572977,-0.06928970346544804,0.32501401702475785,0.046490507560523656,0.10829315676343203,-0.08914324506511784,-0.051552184850528364,0.12569546348476382
Newcastle-56,-0.2604616043839,0.9311177924228777,-0.37412359818567276,-0.15482128141011262,-0.42701531132667575,0.07239826183943238,0.24026471488547282,0.30432727076891614,0.23117495639611416,-0.5101348239003719,-0.25050615126561265
BrainLat:AR-sub-100028,-0.6522178751464539,-0.7905318866455227,-0.03050301186395047,-0.14866355818121044,-0.12126012252528319,0.1252800543978546,-0.03834849553297265,-0.11333888141387848,0.4215564116567595,-0.10199046572853142,-0.11992635972778512
Miltiadous-60,-1.5509325721125853,-0.24058468701178223,-0.4975430202845047,-0.019864247795433842,0.19667969738876775,-0.20588978528744356,0.10830091506181169,-0.11092527546432386,-0.06375548983636205,-0.1254345772254826,0.0012076619747706724
Izmir-158,1.5312436522658164,1.4722103106222497,1.1799731788353578,0.7873946629468459,1.019699216976515,-0.40886507431407526,0.09120947642427872,-0.17174414547399153,0.09346746219625635,-0.01782755596806261,-0.05074261725094538
Istambul-falnsez1,-0.9708365408249369,0.2474533061582779,-0.14165206321552756,0.8670800258778809,-0.04235841349024819,0.4225835406393406,-0.17785819634529165,-0.298358848040996,0.12039992807471599,-0.05697197683291567,0.0619929636676971
BrainLat:CL-sub-30019,-0.8845930406405744,0.01663982022671158,-0.3756378211749932,-0.6375730380148092,0.34594362986794225,-0.0853419625894633,-0.0022344759514737293,-0.10589349335753694,0.16362455861271877,0.12874157740663045,-0.06747799140173336
Istambul-falzsah1,2.498485481384828,-0.5438696723578447,-0.12448510909842911,0.36601706336209994,0.8094915050301081,0.2596226717709228,-0.034951653069888095,0.4793379221719186,-0.09950667765675034,-0.12893955033738835,0.1631389516021301
Newcastle-112,-1.3268247355287268,0.14388164760909122,-0.16687208654213026,1.1177774582191502,-0.10651579937607956,0.17723612535939823,0.012842893292307755,-0.07620865836557149,-0.22102663428971386,0.13721043475194872,-0.2039194998599227
Miltiadous-33,-0.8837941465106982,-0.07797657722133114,0.12522034795647968,-0.2567421961410696,0.09445641733202871,-0.04117735414512389,0.07061740900924814,-0.037763090204122045,0.022653546508238444,0.13197466286187312,0.1396538743422415
BrainLat:AR-sub-100022,-0.40109955654737184,0.21142446185719438,-0.5086430847750391,-0.6357855464272524,0.401132958088101,0.028799047735581593,0.11433129414682365,-0.2336064775148855,0.12383124125748633,-0.12932556437766676,-0.05745179982325816
Izmir-151,0.17542985159762856,-0.31289828527975777,0.7018780775486113,0.02173450806568289,-0.2307162119742653,0.004929035564290977,-0.061492259549306635,-0.29321515663354275,-0.02476689805830865,-0.14987478665851622,-0.1378030546424967
Izmir-48,0.17542985159762856,-0.31289828527975777,0.7018780775486113,0.02173450806568289,-0.2307162119742653,0.004929035564290977,-0.061492259549306635,-0.29321515663354275,-0.02476689805830865,-0.14987478665851622,-0.1378030546424967
Miltiadous-50,-0.7198684122868515,-0.361707299537762,-0.743879227039262,-0.1303046628663884,-0.05288488738280483,-0.2862633236696448,0.05574740741729681,0.04525173254949651,0.25035658452707815,0.027534499253835075,-0.027644156295845542
BrainLat:AR-sub-30022,-0.3577178546473566,0.9885372263164414,-0.5317877215453399,-0.4709147749790653,0.515976852788235,0.011938238687966158,-0.014771478277262282,-0.19649886427909583,0.08037088080224784,0.06671912507646324,0.0015538266098992675
Miltiadous-59,-1.4002932966856354,-0.9519021078089698,0.23369834053207145,0.05140248370087199,0.06127910439080556,-0.08377262155008157,0.0915957822770097,-0.08178601957979106,0.3210906141291379,0.32549954489359656,0.4081615681752249
BrainLat:AR-sub-100015,0.3474211352969459,0.471194671670215,-0.5169051959068819,-0.641451413453953,0.15181343135778802,-0.08185296924488988,0.44363135349042987,-0.03487604995430459,0.017317028971913763,-0.3104534840684599,-0.07482397305906298
Izmir-118,-0.10037909119577272,-1.0848651719973779,0.5021979168241366,0.03749285361523945,0.2920681620922248,0.027692075156272228,-0.15628125552843772,-0.1456180950646092,-0.02329120028691646,0.08429054576505463,0.022842861622317
Istambul-falmgun1,-0.14133363397837137,-0.09401003839419851,-0.3818118517584872,-0.1865904907493335,-0.04802174588911808,0.1127185962664353,-0.06444771480445571,-0.3750933971882323,-0.019089642439635922,-0.12481720905028021,0.2629308394162911
Newcastle-66,-0.345830489650197,1.2222731494192576,-0.14254060332260426,0.7781394132719257,-0.7989935965609816,0.09266373686350697,0.35757644249890713,0.3919003196261215,0.13434081854588958,-0.14855683783904777,0.4749855924663393
Izmir-149,-0.9410183891679554,-1.3739826836809794,0.37998840725755423,-0.1596141045137787,-0.045443966667149095,-0.023000391265773894,-0.05146723514789308,0.26683883738654435,-0.16933650004936435,0.04699243864286417,-0.1071520501632365
Newcastle-65,-0.7250105471203431,0.001790516529829928,-0.27848469885818916,0.17426005941973516,-0.6365718184838999,0.1432619605526765,0.05096037414555719,0.3402206558268434,0.17574652183838851,-0.31219773587422117,-0.10136762934181387
BrainLat:CL-sub-30016,-1.4704248571268657,0.1516999973816662,-0.20545285956523465,-0.3985235940999571,0.2878069918675434,-0.18985123384113126,-0.0740401890738045,-0.07416040003321886,0.31355186677638963,0.16333869455017136,0.13879008426344558
Istambul-feykar1,0.9722167776405606,-0.3417798537936941,-0.6839794079374126,0.25425256633807664,-0.37189538271388034,0.40700419033704893,-0.10613413360777074,-0.0553195745319258,-0.2983861730082295,0.30116240805902583,-0.0962072241694755
Izmir-28,1.133219329437637,2.458407896676664,1.4386203818858627,1.397778248539854,0.5681889375230598,-0.154329289852978,0.589024131432002,-0.32834542111489073,0.11430258192976649,0.18817191417298157,-0.43173054954784923
Istambul-falmyil1,1.7477870823813153,-0.03681008459517068,0.17676749911528306,0.19067588287560414,0.5736077103923992,0.07000381358808012,0.5007807791332464,0.20477887358221528,-0.01788850856786333,0.013539644640042937,-0.07002242989273427
BrainLat:CL-sub-100011,-0.5741786332882495,0.37943883851793103,-0.3843256747083135,0.08488628678370505,0.2939110978298335,0.0981750375351053,-0.048076694742485826,-0.017002755293677695,-0.12000165441763201,0.1727404644465387,-0.035357046624577865
Istambul-falmedi1,0.6456099297527821,0.8185314407269677,-0.05824215874867891,0.07343243510114363,-1.2918494072406923,-0.2186357814432007,0.09773214312050775,-0.20124905841521917,-0.04386246387166561,0.11892391490076915,0.5202463746471017
Miltiadous-2,0.4336755097061793,0.156356002544875,-0.5041049006886454,-0.14401300320686236,0.2771140485841358,-0.15507469828713624,0.09053049037326934,0.06471071549221334,0.043624644238512346,0.29029466653762187,0.23579133693571824
Izmir-126,3.679225858280789,-0.6737718057354246,-0.5306778324720542,-0.38443061532117817,-0.3962407757658555,0.47138443647525385,-0.9092844608109222,0.5582990670096701,0.11152766001033555,0.15486422857928192,-0.07261574552214639
Miltiadous-57,0.5556702439982688,-0.43192075718441064,-0.1862461882735235,-0.04300362023074814,-0.4843094338266935,-0.5927789378453531,0.013411671490818023,-0.2977825616635305,-0.13775844159061834,-0.006958555578705747,0.04742747561870876
